X,Y,OBJECTID,Province_State,Country_Region,Last_Update,Lat,Long_,Confirmed,Recovered,Deaths,Active,Admin2,FIPS,Combined_Key
67.709953,33.93911,1,,Afghanistan,2022/04/30 11:21:00+00,33.93911,67.709953,178879,0,7683,0,,,Afghanistan
20.1683,41.1533000000001,2,,Albania,2022/04/30 11:21:00+00,41.1533,20.1683,275055,0,3496,0,,,Albania
1.65960000000007,28.0339000000001,3,,Algeria,2022/04/30 11:21:00+00,28.0339,1.6596,265779,0,6875,0,,,Algeria
1.52180000000004,42.5063000000001,4,,Andorra,2022/04/30 11:21:00+00,42.5063,1.5218,41349,0,153,0,,,Andorra
17.8739,-11.2026999999999,5,,Angola,2022/04/30 11:21:00+00,-11.2027,17.8739,99287,0,1900,0,,,Angola
23.347,-71.9499,6,,Antarctica,2022/04/30 11:21:00+00,-71.9499,23.347,11,0,0,0,,,Antarctica
-61.7963999999999,17.0608,7,,Antigua and Barbuda,2022/04/30 11:21:00+00,17.0608,-61.7964,7626,0,136,0,,,Antigua and Barbuda
-63.6167,-38.4161,8,,Argentina,2022/04/30 11:21:00+00,-38.4161,-63.6167,9072230,0,128542,0,,,Argentina
45.0382000000001,40.0691,9,,Armenia,2022/04/30 11:21:00+00,40.0691,45.0382,422867,0,8622,0,,,Armenia
149.0124,-35.4734999999999,10,Australian Capital Territory,Australia,2022/04/30 11:21:00+00,-35.4735,149.0124,104125,0,51,0,,,"Australian Capital Territory, Australia"
151.2093,-33.8688,11,New South Wales,Australia,2022/04/30 11:21:00+00,-33.8688,151.2093,2278053,0,2769,0,,,"New South Wales, Australia"
130.8456,-12.4634,12,Northern Territory,Australia,2022/04/30 11:21:00+00,-12.4634,130.8456,63289,0,43,0,,,"Northern Territory, Australia"
153.0251,-27.4698,13,Queensland,Australia,2022/04/30 11:21:00+00,-27.4698,153.0251,992324,0,868,0,,,"Queensland, Australia"
138.6007,-34.9284999999999,14,South Australia,Australia,2022/04/30 11:21:00+00,-34.9285,138.6007,406475,0,346,0,,,"South Australia, Australia"
147.3272,-42.8821,15,Tasmania,Australia,2022/04/30 11:21:00+00,-42.8821,147.3272,135641,0,50,0,,,"Tasmania, Australia"
144.9631,-37.8136,16,Victoria,Australia,2022/04/30 11:21:00+00,-37.8136,144.9631,1561415,0,2967,0,,,"Victoria, Australia"
115.8605,-31.9505,17,Western Australia,Australia,2022/04/30 11:21:00+00,-31.9505,115.8605,387111,0,148,0,,,"Western Australia, Australia"
14.5501,47.5162,18,,Austria,2022/04/30 11:21:00+00,47.5162,14.5501,4140543,0,18156,0,,,Austria
47.5769000000001,40.1431000000001,19,,Azerbaijan,2022/04/30 11:21:00+00,40.1431,47.5769,792558,0,9709,0,,,Azerbaijan
-78.0358889999999,25.0258850000001,20,,Bahamas,2022/04/30 11:21:00+00,25.025885,-78.035889,33541,0,789,0,,,Bahamas
50.5500000000001,26.0275,21,,Bahrain,2022/04/30 11:21:00+00,26.0275,50.55,568367,0,1475,0,,,Bahrain
90.3563,23.6850000000001,22,,Bangladesh,2022/04/30 11:21:00+00,23.685,90.3563,1952674,0,29127,0,,,Bangladesh
-59.5432,13.1939,23,,Barbados,2022/04/30 11:21:00+00,13.1939,-59.5432,69562,0,392,0,,,Barbados
27.9534,53.7098,24,,Belarus,2022/04/30 11:21:00+00,53.7098,27.9534,979909,0,6943,0,,,Belarus
4.40240000000006,51.2195,25,Antwerp,Belgium,2022/04/30 11:21:00+00,51.2195,4.4024,648597,0,0,0,,,"Antwerp, Belgium"
4.35170000000005,50.8503000000001,26,Brussels,Belgium,2022/04/30 11:21:00+00,50.8503,4.3517,443564,0,0,0,,,"Brussels, Belgium"
3.73730000000006,51.0362000000001,27,East Flanders,Belgium,2022/04/30 11:21:00+00,51.0362,3.7373,540085,0,0,0,,,"East Flanders, Belgium"
4.58330000000007,50.9167,28,Flemish Brabant,Belgium,2022/04/30 11:21:00+00,50.9167,4.5833,389830,0,0,0,,,"Flemish Brabant, Belgium"
4.06210000000004,50.5257,29,Hainaut,Belgium,2022/04/30 11:21:00+00,50.5257,4.0621,449067,0,0,0,,,"Hainaut, Belgium"
5.84920000000005,50.4496,30,Liege,Belgium,2022/04/30 11:21:00+00,50.4496,5.8492,370263,0,0,0,,,"Liege, Belgium"
5.34200000000004,50.9739000000001,31,Limburg,Belgium,2022/04/30 11:21:00+00,50.9739,5.342,301732,0,0,0,,,"Limburg, Belgium"
5.46770000000004,50.0547,32,Luxembourg,Belgium,2022/04/30 11:21:00+00,50.0547,5.4677,105428,0,0,0,,,"Luxembourg, Belgium"
4.82210000000003,50.3310000000001,33,Namur,Belgium,2022/04/30 11:21:00+00,50.331,4.8221,174743,0,0,0,,,"Namur, Belgium"
,,34,Unknown,Belgium,2022/04/30 11:21:00+00,,,55886,0,31439,0,,,"Unknown, Belgium"
4.35000000000002,50.4,35,Walloon Brabant,Belgium,2022/04/30 11:21:00+00,50.4,4.35,148169,0,0,0,,,"Walloon Brabant, Belgium"
3.14580000000007,51.0536000000001,36,West Flanders,Belgium,2022/04/30 11:21:00+00,51.0536,3.1458,429084,0,0,0,,,"West Flanders, Belgium"
-88.4976,17.1899,37,,Belize,2022/04/30 11:21:00+00,17.1899,-88.4976,57497,0,676,0,,,Belize
2.31580000000002,9.30770000000007,38,,Benin,2022/04/30 11:21:00+00,9.3077,2.3158,26952,0,163,0,,,Benin
90.4336000000001,27.5142000000001,39,,Bhutan,2022/04/30 11:21:00+00,27.5142,90.4336,59163,0,21,0,,,Bhutan
-63.5887,-16.2902,40,,Bolivia,2022/04/30 11:21:00+00,-16.2902,-63.5887,904883,0,21910,0,,,Bolivia
17.6791000000001,43.9159000000001,41,,Bosnia and Herzegovina,2022/04/30 11:21:00+00,43.9159,17.6791,377087,0,15765,0,,,Bosnia and Herzegovina
24.6849,-22.3285,42,,Botswana,2022/04/30 11:21:00+00,-22.3285,24.6849,305984,0,2688,0,,,Botswana
-70.812,-9.02379999999994,43,Acre,Brazil,2022/04/30 11:21:00+00,-9.0238,-70.812,124918,0,2002,0,,,"Acre, Brazil"
-36.782,-9.57129999999995,44,Alagoas,Brazil,2022/04/30 11:21:00+00,-9.5713,-36.782,297902,0,6924,0,,,"Alagoas, Brazil"
-52.003,0.902,45,Amapa,Brazil,2022/04/30 11:21:00+00,0.902,-52.003,160392,0,2130,0,,,"Amapa, Brazil"
-65.8561,-3.41679999999997,46,Amazonas,Brazil,2022/04/30 11:21:00+00,-3.4168,-65.8561,582175,0,14172,0,,,"Amazonas, Brazil"
-41.7007,-12.5796999999999,47,Bahia,Brazil,2022/04/30 11:21:00+00,-12.5797,-41.7007,1542601,0,29856,0,,,"Bahia, Brazil"
-39.3206,-5.49839999999995,48,Ceara,Brazil,2022/04/30 11:21:00+00,-5.4984,-39.3206,1244235,0,26900,0,,,"Ceara, Brazil"
-47.8645,-15.7997999999999,49,Distrito Federal,Brazil,2022/04/30 11:21:00+00,-15.7998,-47.8645,696487,0,11651,0,,,"Distrito Federal, Brazil"
-40.3088999999999,-19.1833999999999,50,Espirito Santo,Brazil,2022/04/30 11:21:00+00,-19.1834,-40.3089,1046577,0,14392,0,,,"Espirito Santo, Brazil"
-49.8362,-15.8269999999999,51,Goias,Brazil,2022/04/30 11:21:00+00,-15.827,-49.8362,1328167,0,26458,0,,,"Goias, Brazil"
-45.2744,-4.96089999999998,52,Maranhao,Brazil,2022/04/30 11:21:00+00,-4.9609,-45.2744,432426,0,10882,0,,,"Maranhao, Brazil"
-56.9211,-12.6818999999999,53,Mato Grosso,Brazil,2022/04/30 11:21:00+00,-12.6819,-56.9211,727678,0,14854,0,,,"Mato Grosso, Brazil"
-54.7852,-20.7721999999999,54,Mato Grosso do Sul,Brazil,2022/04/30 11:21:00+00,-20.7722,-54.7852,528922,0,10528,0,,,"Mato Grosso do Sul, Brazil"
-44.555,-18.5122,55,Minas Gerais,Brazil,2022/04/30 11:21:00+00,-18.5122,-44.555,3356443,0,61285,0,,,"Minas Gerais, Brazil"
-54.9306,-1.99809999999997,56,Para,Brazil,2022/04/30 11:21:00+00,-1.9981,-54.9306,765351,0,18261,0,,,"Para, Brazil"
-36.782,-7.23999999999995,57,Paraiba,Brazil,2022/04/30 11:21:00+00,-7.24,-36.782,602048,0,10209,0,,,"Paraiba, Brazil"
-52.0214999999999,-25.2520999999999,58,Parana,Brazil,2022/04/30 11:21:00+00,-25.2521,-52.0215,2453295,0,43098,0,,,"Parana, Brazil"
-36.9541,-8.81369999999993,59,Pernambuco,Brazil,2022/04/30 11:21:00+00,-8.8137,-36.9541,922688,0,21595,0,,,"Pernambuco, Brazil"
-42.7289,-7.71829999999994,60,Piaui,Brazil,2022/04/30 11:21:00+00,-7.7183,-42.7289,368030,0,7735,0,,,"Piaui, Brazil"
-36.9541,-5.40259999999995,61,Rio Grande do Norte,Brazil,2022/04/30 11:21:00+00,-5.4026,-36.9541,503336,0,8175,0,,,"Rio Grande do Norte, Brazil"
-51.2177,-30.0346,62,Rio Grande do Sul,Brazil,2022/04/30 11:21:00+00,-30.0346,-51.2177,2333845,0,39291,0,,,"Rio Grande do Sul, Brazil"
-43.1729,-22.9068,63,Rio de Janeiro,Brazil,2022/04/30 11:21:00+00,-22.9068,-43.1729,2140492,0,73437,0,,,"Rio de Janeiro, Brazil"
-63.5805999999999,-11.5056999999999,64,Rondonia,Brazil,2022/04/30 11:21:00+00,-11.5057,-63.5806,401606,0,7203,0,,,"Rondonia, Brazil"
-62.0751,-2.73759999999993,65,Roraima,Brazil,2022/04/30 11:21:00+00,-2.7376,-62.0751,155451,0,2148,0,,,"Roraima, Brazil"
-50.2189,-27.2422999999999,66,Santa Catarina,Brazil,2022/04/30 11:21:00+00,-27.2423,-50.2189,1702145,0,21774,0,,,"Santa Catarina, Brazil"
-46.6333,-23.5504999999999,67,Sao Paulo,Brazil,2022/04/30 11:21:00+00,-23.5505,-46.6333,5384320,0,168193,0,,,"Sao Paulo, Brazil"
-37.3856999999999,-10.5740999999999,68,Sergipe,Brazil,2022/04/30 11:21:00+00,-10.5741,-37.3857,327071,0,6343,0,,,"Sergipe, Brazil"
-48.2982,-10.1752999999999,69,Tocantins,Brazil,2022/04/30 11:21:00+00,-10.1753,-48.2982,304441,0,4153,0,,,"Tocantins, Brazil"
114.7277,4.53530000000006,70,,Brunei,2022/04/30 11:21:00+00,4.5353,114.7277,141850,0,218,0,,,Brunei
25.4858,42.7339000000001,71,,Bulgaria,2022/04/30 11:21:00+00,42.7339,25.4858,1156466,0,36911,0,,,Bulgaria
-1.56159999999994,12.2383,72,,Burkina Faso,2022/04/30 11:21:00+00,12.2383,-1.5616,20865,0,383,0,,,Burkina Faso
95.9560000000001,21.9162000000001,73,,Burma,2022/04/30 11:21:00+00,21.9162,95.956,612864,0,19434,0,,,Burma
29.9189000000001,-3.37309999999997,74,,Burundi,2022/04/30 11:21:00+00,-3.3731,29.9189,39998,0,38,0,,,Burundi
-23.0418,16.5388,75,,Cabo Verde,2022/04/30 11:21:00+00,16.5388,-23.0418,56020,0,401,0,,,Cabo Verde
104.9167,11.5500000000001,76,,Cambodia,2022/04/30 11:21:00+00,11.55,104.9167,136251,0,3056,0,,,Cambodia
11.5021,3.84800000000007,77,,Cameroon,2022/04/30 11:21:00+00,3.848,11.5021,119780,0,1927,0,,,Cameroon
-116.5765,53.9333,78,Alberta,Canada,2022/04/30 11:21:00+00,53.9333,-116.5765,565052,0,4252,0,,,"Alberta, Canada"
-127.6476,53.7267000000001,79,British Columbia,Canada,2022/04/30 11:21:00+00,53.7267,-127.6476,363302,0,3147,0,,,"British Columbia, Canada"
,,80,Diamond Princess,Canada,2020/12/21 13:27:30+00,,,0,0,1,0,,,"Diamond Princess, Canada"
,,81,Grand Princess,Canada,2020/12/21 13:27:30+00,,,13,0,0,0,,,"Grand Princess, Canada"
-98.8139,53.7609,82,Manitoba,Canada,2022/04/30 11:21:00+00,53.7609,-98.8139,140931,0,1792,0,,,"Manitoba, Canada"
-66.4619,46.5653,83,New Brunswick,Canada,2022/04/30 11:21:00+00,46.5653,-66.4619,60756,0,384,0,,,"New Brunswick, Canada"
-57.6604,53.1355,84,Newfoundland and Labrador,Canada,2022/04/30 11:21:00+00,53.1355,-57.6604,43920,0,162,0,,,"Newfoundland and Labrador, Canada"
-124.8457,64.8255,85,Northwest Territories,Canada,2022/04/30 11:21:00+00,64.8255,-124.8457,11832,0,22,0,,,"Northwest Territories, Canada"
-63.7443,44.6820000000001,86,Nova Scotia,Canada,2022/04/30 11:21:00+00,44.682,-63.7443,85847,0,314,0,,,"Nova Scotia, Canada"
-83.1075999999999,70.2998000000001,87,Nunavut,Canada,2022/04/30 11:21:00+00,70.2998,-83.1076,3531,0,7,0,,,"Nunavut, Canada"
-85.3232,51.2538000000001,88,Ontario,Canada,2022/04/30 11:21:00+00,51.2538,-85.3232,1271493,0,12861,0,,,"Ontario, Canada"
-63.4168,46.5107,89,Prince Edward Island,Canada,2022/04/30 11:21:00+00,46.5107,-63.4168,34270,0,25,0,,,"Prince Edward Island, Canada"
-73.5491,52.9399000000001,90,Quebec,Canada,2022/04/30 11:21:00+00,52.9399,-73.5491,1041072,0,14977,0,,,"Quebec, Canada"
,,91,Repatriated Travellers,Canada,2022/04/30 11:21:00+00,,,13,0,0,0,,,"Repatriated Travellers, Canada"
-106.4509,52.9399000000001,92,Saskatchewan,Canada,2022/04/30 11:21:00+00,52.9399,-106.4509,136026,0,1309,0,,,"Saskatchewan, Canada"
-135,64.2823000000001,93,Yukon,Canada,2022/04/30 11:21:00+00,64.2823,-135,4196,0,25,0,,,"Yukon, Canada"
20.9394,6.61110000000002,94,,Central African Republic,2022/04/30 11:21:00+00,6.6111,20.9394,14649,0,113,0,,,Central African Republic
18.7322,15.4542000000001,95,,Chad,2022/04/30 11:21:00+00,15.4542,18.7322,7411,0,193,0,,,Chad
-70.3975,-23.6509,96,Antofagasta,Chile,2022/04/30 11:21:00+00,-23.6509,-70.3975,122894,0,1759,0,,,"Antofagasta, Chile"
-72.3310999999999,-38.9489,97,Araucania,Chile,2022/04/30 11:21:00+00,-38.9489,-72.3311,215935,0,2567,0,,,"Araucania, Chile"
-69.4784999999999,-18.5939999999999,98,Arica y Parinacota,Chile,2022/04/30 11:21:00+00,-18.594,-69.4785,55409,0,809,0,,,"Arica y Parinacota, Chile"
-70.0502999999999,-27.5660999999999,99,Atacama,Chile,2022/04/30 11:21:00+00,-27.5661,-70.0503,66024,0,583,0,,,"Atacama, Chile"
-73.7669,-45.9863999999999,100,Aysen,Chile,2022/04/30 11:21:00+00,-45.9864,-73.7669,24999,0,184,0,,,"Aysen, Chile"
-72.1416,-37.4464,101,Biobio,Chile,2022/04/30 11:21:00+00,-37.4464,-72.1416,353295,0,4270,0,,,"Biobio, Chile"
-71.3389,-29.9589999999999,102,Coquimbo,Chile,2022/04/30 11:21:00+00,-29.959,-71.3389,126712,0,1669,0,,,"Coquimbo, Chile"
-72.1416,-41.9198,103,Los Lagos,Chile,2022/04/30 11:21:00+00,-41.9198,-72.1416,195197,0,2310,0,,,"Los Lagos, Chile"
-72.3310999999999,-40.2309999999999,104,Los Rios,Chile,2022/04/30 11:21:00+00,-40.231,-72.3311,106011,0,1220,0,,,"Los Rios, Chile"
-70.9863,-52.3679999999999,105,Magallanes,Chile,2022/04/30 11:21:00+00,-52.368,-70.9863,51680,0,701,0,,,"Magallanes, Chile"
-71.6885,-35.5183,106,Maule,Chile,2022/04/30 11:21:00+00,-35.5183,-71.6885,239483,0,2906,0,,,"Maule, Chile"
-70.6505,-33.4376,107,Metropolitana,Chile,2022/04/30 11:21:00+00,-33.4376,-70.6505,1361835,0,28247,0,,,"Metropolitana, Chile"
-71.7622,-36.7225999999999,108,Nuble,Chile,2022/04/30 11:21:00+00,-36.7226,-71.7622,100302,0,1106,0,,,"Nuble, Chile"
-71.0022,-34.5755,109,OHiggins,Chile,2022/04/30 11:21:00+00,-34.5755,-71.0022,150063,0,2511,0,,,"OHiggins, Chile"
-69.5132,-19.9232,110,Tarapaca,Chile,2022/04/30 11:21:00+00,-19.9232,-69.5132,79591,0,1086,0,,,"Tarapaca, Chile"
,,111,Unknown,Chile,2022/04/30 11:21:00+00,,,43,0,2,0,,,"Unknown, Chile"
-71.6127,-33.0472,112,Valparaiso,Chile,2022/04/30 11:21:00+00,-33.0472,-71.6127,306860,0,5579,0,,,"Valparaiso, Chile"
117.2264,31.8257,113,Anhui,China,2022/04/30 11:21:00+00,31.8257,117.2264,1065,0,6,0,,,"Anhui, China"
116.4142,40.1824,114,Beijing,China,2022/04/30 11:21:00+00,40.1824,116.4142,2102,0,9,0,,,"Beijing, China"
107.874,30.0572,115,Chongqing,China,2022/04/30 11:21:00+00,30.0572,107.874,697,0,6,0,,,"Chongqing, China"
117.9874,26.0789,116,Fujian,China,2022/04/30 11:21:00+00,26.0789,117.9874,3018,0,1,0,,,"Fujian, China"
104.2861,35.7518000000001,117,Gansu,China,2022/04/30 11:21:00+00,35.7518,104.2861,681,0,2,0,,,"Gansu, China"
113.4244,23.3417000000001,118,Guangdong,China,2022/04/30 11:21:00+00,23.3417,113.4244,7033,0,8,0,,,"Guangdong, China"
108.7881,23.8298,119,Guangxi,China,2022/04/30 11:21:00+00,23.8298,108.7881,1583,0,2,0,,,"Guangxi, China"
106.8748,26.8154000000001,120,Guizhou,China,2022/04/30 11:21:00+00,26.8154,106.8748,179,0,2,0,,,"Guizhou, China"
109.7453,19.1959000000001,121,Hainan,China,2022/04/30 11:21:00+00,19.1959,109.7453,288,0,6,0,,,"Hainan, China"
114.9042,37.8957,122,Hebei,China,2022/04/30 11:21:00+00,37.8957,114.9042,1998,0,7,0,,,"Hebei, China"
127.7615,47.8620000000001,123,Heilongjiang,China,2022/04/30 11:21:00+00,47.862,127.7615,2938,0,13,0,,,"Heilongjiang, China"
113.614,33.8820000000001,124,Henan,China,2022/04/30 11:21:00+00,33.882,113.614,2902,0,22,0,,,"Henan, China"
114.2,22.3000000000001,125,Hong Kong,China,2022/04/30 11:21:00+00,22.3,114.2,1203847,0,9298,0,,,"Hong Kong, China"
112.2707,30.9756,126,Hubei,China,2022/04/30 11:21:00+00,30.9756,112.2707,68398,0,4512,0,,,"Hubei, China"
111.7088,27.6104,127,Hunan,China,2022/04/30 11:21:00+00,27.6104,111.7088,1383,0,4,0,,,"Hunan, China"
113.9448,44.0935000000001,128,Inner Mongolia,China,2022/04/30 11:21:00+00,44.0935,113.9448,1748,0,1,0,,,"Inner Mongolia, China"
119.455,32.9711,129,Jiangsu,China,2022/04/30 11:21:00+00,32.9711,119.455,2200,0,0,0,,,"Jiangsu, China"
115.7221,27.614,130,Jiangxi,China,2022/04/30 11:21:00+00,27.614,115.7221,1364,0,1,0,,,"Jiangxi, China"
126.1923,43.6661,131,Jilin,China,2022/04/30 11:21:00+00,43.6661,126.1923,40195,0,5,0,,,"Jilin, China"
122.6085,41.2956,132,Liaoning,China,2022/04/30 11:21:00+00,41.2956,122.6085,1645,0,2,0,,,"Liaoning, China"
113.55,22.1667,133,Macau,China,2022/04/30 11:21:00+00,22.1667,113.55,82,0,0,0,,,"Macau, China"
106.1655,37.2692000000001,134,Ningxia,China,2022/04/30 11:21:00+00,37.2692,106.1655,122,0,0,0,,,"Ningxia, China"
95.9956000000001,35.7452000000001,135,Qinghai,China,2022/04/30 11:21:00+00,35.7452,95.9956,95,0,0,0,,,"Qinghai, China"
108.8701,35.1917,136,Shaanxi,China,2022/04/30 11:21:00+00,35.1917,108.8701,3277,0,3,0,,,"Shaanxi, China"
118.1498,36.3427,137,Shandong,China,2022/04/30 11:21:00+00,36.3427,118.1498,2711,0,7,0,,,"Shandong, China"
121.4491,31.2020000000001,138,Shanghai,China,2022/04/30 11:21:00+00,31.202,121.4491,56302,0,344,0,,,"Shanghai, China"
112.2922,37.5777000000001,139,Shanxi,China,2022/04/30 11:21:00+00,37.5777,112.2922,418,0,0,0,,,"Shanxi, China"
102.7103,30.6171000000001,140,Sichuan,China,2022/04/30 11:21:00+00,30.6171,102.7103,2042,0,3,0,,,"Sichuan, China"
117.323,39.3054000000001,141,Tianjin,China,2022/04/30 11:21:00+00,39.3054,117.323,1803,0,3,0,,,"Tianjin, China"
88.0924000000001,31.6927000000001,142,Tibet,China,2022/04/30 11:21:00+00,31.6927,88.0924,1,0,0,0,,,"Tibet, China"
,,143,Unknown,China,2022/04/30 11:21:00+00,,,736614,0,0,0,,,"Unknown, China"
85.2401,41.1129,144,Xinjiang,China,2022/04/30 11:21:00+00,41.1129,85.2401,1001,0,3,0,,,"Xinjiang, China"
101.487,24.974,145,Yunnan,China,2022/04/30 11:21:00+00,24.974,101.487,2119,0,2,0,,,"Yunnan, China"
120.0934,29.1832000000001,146,Zhejiang,China,2022/04/30 11:21:00+00,29.1832,120.0934,3109,0,1,0,,,"Zhejiang, China"
-71.5724,-1.44289999999995,147,Amazonas,Colombia,2022/04/30 11:21:00+00,-1.4429,-71.5724,7571,0,265,0,,,"Amazonas, Colombia"
-75.3412,7.19860000000006,148,Antioquia,Colombia,2022/04/30 11:21:00+00,7.1986,-75.3412,918661,0,18261,0,,,"Antioquia, Colombia"
-70.7105,7.07620000000003,149,Arauca,Colombia,2022/04/30 11:21:00+00,7.0762,-70.7105,16321,0,534,0,,,"Arauca, Colombia"
-74.8740999999999,10.6966,150,Atlantico,Colombia,2022/04/30 11:21:00+00,10.6966,-74.8741,402427,0,10129,0,,,"Atlantico, Colombia"
-74.03,8.67040000000003,151,Bolivar,Colombia,2022/04/30 11:21:00+00,8.6704,-74.03,197365,0,3241,0,,,"Bolivar, Colombia"
-73.362,5.45450000000005,152,Boyaca,Colombia,2022/04/30 11:21:00+00,5.4545,-73.362,125245,0,2785,0,,,"Boyaca, Colombia"
-75.2479,5.29830000000004,153,Caldas,Colombia,2022/04/30 11:21:00+00,5.2983,-75.2479,116944,0,2525,0,,,"Caldas, Colombia"
-74.0721,4.71100000000007,154,Capital District,Colombia,2022/04/30 11:21:00+00,4.711,-74.0721,1769089,0,29365,0,,,"Capital District, Colombia"
-73.8419,0.8699,155,Caqueta,Colombia,2022/04/30 11:21:00+00,0.8699,-73.8419,24987,0,1026,0,,,"Caqueta, Colombia"
-71.5724,5.75890000000004,156,Casanare,Colombia,2022/04/30 11:21:00+00,5.7589,-71.5724,41708,0,1002,0,,,"Casanare, Colombia"
-76.826,2.70500000000004,157,Cauca,Colombia,2022/04/30 11:21:00+00,2.705,-76.826,72298,0,1792,0,,,"Cauca, Colombia"
-73.6536,9.33730000000003,158,Cesar,Colombia,2022/04/30 11:21:00+00,9.3373,-73.6536,106532,0,2672,0,,,"Cesar, Colombia"
-76.826,5.25280000000004,159,Choco,Colombia,2022/04/30 11:21:00+00,5.2528,-76.826,18586,0,429,0,,,"Choco, Colombia"
-75.574,8.04930000000007,160,Cordoba,Colombia,2022/04/30 11:21:00+00,8.0493,-75.574,119071,0,3931,0,,,"Cordoba, Colombia"
-74.03,5.02600000000007,161,Cundinamarca,Colombia,2022/04/30 11:21:00+00,5.026,-74.03,318345,0,7286,0,,,"Cundinamarca, Colombia"
-68.5246999999999,2.58540000000005,162,Guainia,Colombia,2022/04/30 11:21:00+00,2.5854,-68.5247,2765,0,37,0,,,"Guainia, Colombia"
-73.2603,1.06540000000007,163,Guaviare,Colombia,2022/04/30 11:21:00+00,1.0654,-73.2603,5589,0,105,0,,,"Guaviare, Colombia"
-75.5277,2.53590000000003,164,Huila,Colombia,2022/04/30 11:21:00+00,2.5359,-75.5277,100352,0,3514,0,,,"Huila, Colombia"
-72.5205,11.3548000000001,165,La Guajira,Colombia,2022/04/30 11:21:00+00,11.3548,-72.5205,56347,0,1529,0,,,"La Guajira, Colombia"
-74.4057,10.4113,166,Magdalena,Colombia,2022/04/30 11:21:00+00,10.4113,-74.4057,114962,0,3623,0,,,"Magdalena, Colombia"
-73.0877,3.27200000000005,167,Meta,Colombia,2022/04/30 11:21:00+00,3.272,-73.0877,105032,0,2541,0,,,"Meta, Colombia"
-77.3579,1.28920000000005,168,Narino,Colombia,2022/04/30 11:21:00+00,1.2892,-77.3579,104413,0,3315,0,,,"Narino, Colombia"
-72.8987999999999,7.94630000000006,169,Norte de Santander,Colombia,2022/04/30 11:21:00+00,7.9463,-72.8988,119806,0,5103,0,,,"Norte de Santander, Colombia"
-75.5277,0.436,170,Putumayo,Colombia,2022/04/30 11:21:00+00,0.436,-75.5277,20508,0,776,0,,,"Putumayo, Colombia"
-75.6674,4.46100000000007,171,Quindio,Colombia,2022/04/30 11:21:00+00,4.461,-75.6674,70821,0,2055,0,,,"Quindio, Colombia"
-75.9928,5.31580000000002,172,Risaralda,Colombia,2022/04/30 11:21:00+00,5.3158,-75.9928,106410,0,2469,0,,,"Risaralda, Colombia"
-81.7184999999999,12.5567,173,San Andres y Providencia,Colombia,2022/04/30 11:21:00+00,12.5567,-81.7185,10198,0,155,0,,,"San Andres y Providencia, Colombia"
-73.6536,6.64370000000002,174,Santander,Colombia,2022/04/30 11:21:00+00,6.6437,-73.6536,283643,0,8175,0,,,"Santander, Colombia"
-74.7232999999999,8.81400000000002,175,Sucre,Colombia,2022/04/30 11:21:00+00,8.814,-74.7233,65701,0,1715,0,,,"Sucre, Colombia"
-75.1545,4.09250000000003,176,Tolima,Colombia,2022/04/30 11:21:00+00,4.0925,-75.1545,124504,0,4008,0,,,"Tolima, Colombia"
,,177,Unknown,Colombia,2022/04/30 11:21:00+00,,,0,0,300,0,,,"Unknown, Colombia"
-76.6412999999999,3.80090000000007,178,Valle del Cauca,Colombia,2022/04/30 11:21:00+00,3.8009,-76.6413,540913,0,15046,0,,,"Valle del Cauca, Colombia"
-70.812,0.8554,179,Vaupes,Colombia,2022/04/30 11:21:00+00,0.8554,-70.812,1889,0,22,0,,,"Vaupes, Colombia"
-69.2877999999999,4.42340000000007,180,Vichada,Colombia,2022/04/30 11:21:00+00,4.4234,-69.2878,3400,0,62,0,,,"Vichada, Colombia"
43.3333000000001,-11.6455,181,,Comoros,2022/04/30 11:21:00+00,-11.6455,43.3333,8105,0,160,0,,,Comoros
15.8277000000001,-0.228,182,,Congo (Brazzaville),2022/04/30 11:21:00+00,-0.228,15.8277,24079,0,385,0,,,Congo (Brazzaville)
21.7587,-4.03829999999994,183,,Congo (Kinshasa),2022/04/30 11:21:00+00,-4.0383,21.7587,87023,0,1337,0,,,Congo (Kinshasa)
-83.7533999999999,9.74890000000005,184,,Costa Rica,2022/04/30 11:21:00+00,9.7489,-83.7534,852074,0,8405,0,,,Costa Rica
-5.54709999999994,7.54000000000002,185,,Cote d'Ivoire,2022/04/30 11:21:00+00,7.54,-5.5471,81930,0,799,0,,,Cote d'Ivoire
15.2,45.1000000000001,186,,Croatia,2022/04/30 11:21:00+00,45.1,15.2,1121662,0,15822,0,,,Croatia
-77.781167,21.521757,187,,Cuba,2022/04/30 11:21:00+00,21.521757,-77.781167,1102750,0,8526,0,,,Cuba
33.4299,35.1264,188,,Cyprus,2022/04/30 11:21:00+00,35.1264,33.4299,480220,0,1015,0,,,Cyprus
15.4730000000001,49.8175000000001,189,,Czechia,2022/04/30 11:21:00+00,49.8175,15.473,3905101,0,40155,0,,,Czechia
9.50180000000006,56.2639,190,,Denmark,2022/04/30 11:21:00+00,56.2639,9.5018,3115721,0,6149,0,,,Denmark
-6.91179999999997,61.8926000000001,191,Faroe Islands,Denmark,2022/04/30 11:21:00+00,61.8926,-6.9118,34658,0,28,0,,,"Faroe Islands, Denmark"
-42.6043,71.7069000000001,192,Greenland,Denmark,2022/04/30 11:21:00+00,71.7069,-42.6043,11971,0,21,0,,,"Greenland, Denmark"
,,193,,Diamond Princess,2022/04/30 11:21:00+00,,,712,0,13,0,,,Diamond Princess
42.5903000000001,11.8251000000001,194,,Djibouti,2022/04/30 11:21:00+00,11.8251,42.5903,15611,0,189,0,,,Djibouti
-61.371,15.4150000000001,195,,Dominica,2022/04/30 11:21:00+00,15.415,-61.371,12033,0,63,0,,,Dominica
-70.1627,18.7357000000001,196,,Dominican Republic,2022/04/30 11:21:00+00,18.7357,-70.1627,579248,0,4376,0,,,Dominican Republic
-78.1833999999999,-1.83119999999997,197,,Ecuador,2022/04/30 11:21:00+00,-1.8312,-78.1834,869124,0,35588,0,,,Ecuador
30.8024980000001,26.8205530000001,198,,Egypt,2022/04/30 11:21:00+00,26.820553,30.802498,515645,0,24613,0,,,Egypt
-88.8964999999999,13.7942,199,,El Salvador,2022/04/30 11:21:00+00,13.7942,-88.8965,162089,0,4128,0,,,El Salvador
10.2679000000001,1.65080000000006,200,,Equatorial Guinea,2022/04/30 11:21:00+00,1.6508,10.2679,15907,0,183,0,,,Equatorial Guinea
39.7823000000001,15.1794,201,,Eritrea,2022/04/30 11:21:00+00,15.1794,39.7823,9734,0,103,0,,,Eritrea
25.0136000000001,58.5953000000001,202,,Estonia,2022/04/30 11:21:00+00,58.5953,25.0136,572193,0,2539,0,,,Estonia
31.4659,-26.5225,203,,Eswatini,2022/04/30 11:21:00+00,-26.5225,31.4659,70626,0,1397,0,,,Eswatini
40.4897,9.14500000000004,204,,Ethiopia,2022/04/30 11:21:00+00,9.145,40.4897,470550,0,7510,0,,,Ethiopia
178.065,-17.7134,205,,Fiji,2022/04/30 11:21:00+00,-17.7134,178.065,64634,0,862,0,,,Fiji
25.7481510000001,61.92411,206,,Finland,2022/04/30 11:21:00+00,61.92411,25.748151,1023013,0,3939,0,,,Finland
2.21370000000007,46.2276000000001,207,,France,2022/04/30 11:21:00+00,46.2276,2.2137,27829894,0,142678,0,,,France
-52.9999999999999,4.00000000000006,208,French Guiana,France,2022/04/30 11:21:00+00,4,-53,80859,0,395,0,,,"French Guiana, France"
-149.4068,-17.6797,209,French Polynesia,France,2022/04/30 11:21:00+00,-17.6797,-149.4068,72720,0,648,0,,,"French Polynesia, France"
-61.551,16.265,210,Guadeloupe,France,2022/04/30 11:21:00+00,16.265,-61.551,147607,0,942,0,,,"Guadeloupe, France"
-61.0242,14.6415000000001,211,Martinique,France,2022/04/30 11:21:00+00,14.6415,-61.0242,151972,0,918,0,,,"Martinique, France"
45.1662440000001,-12.8274999999999,212,Mayotte,France,2022/04/30 11:21:00+00,-12.8275,45.166244,37363,0,187,0,,,"Mayotte, France"
165.618042,-20.904305,213,New Caledonia,France,2022/04/30 11:21:00+00,-20.904305,165.618042,60653,0,312,0,,,"New Caledonia, France"
55.5364000000001,-21.1150999999999,214,Reunion,France,2022/04/30 11:21:00+00,-21.1151,55.5364,387184,0,749,0,,,"Reunion, France"
-62.8333,17.9,215,Saint Barthelemy,France,2022/04/30 11:21:00+00,17.9,-62.8333,4544,0,6,0,,,"Saint Barthelemy, France"
-56.3158999999999,46.8852000000001,216,Saint Pierre and Miquelon,France,2022/04/30 11:21:00+00,46.8852,-56.3159,2701,0,1,0,,,"Saint Pierre and Miquelon, France"
-63.0501,18.0708000000001,217,St Martin,France,2022/04/30 11:21:00+00,18.0708,-63.0501,10462,0,63,0,,,"St Martin, France"
-178.1165,-14.2938,218,Wallis and Futuna,France,2022/04/30 11:21:00+00,-14.2938,-178.1165,454,0,7,0,,,"Wallis and Futuna, France"
11.6094000000001,-0.8037,219,,Gabon,2022/04/30 11:21:00+00,-0.8037,11.6094,47602,0,304,0,,,Gabon
-15.3101,13.4432,220,,Gambia,2022/04/30 11:21:00+00,13.4432,-15.3101,11995,0,365,0,,,Gambia
43.3569000000001,42.3154000000001,221,,Georgia,2022/04/30 11:21:00+00,42.3154,43.3569,1655098,0,16807,0,,,Georgia
9.35010000000005,48.6616000000001,222,Baden-Wurttemberg,Germany,2022/04/30 11:21:00+00,48.6616,9.3501,3487649,0,15757,0,,,"Baden-Wurttemberg, Germany"
11.4979000000001,48.7904,223,Bayern,Germany,2022/04/30 11:21:00+00,48.7904,11.4979,4634543,0,23559,0,,,"Bayern, Germany"
13.405,52.52,224,Berlin,Germany,2022/04/30 11:21:00+00,52.52,13.405,1000143,0,4485,0,,,"Berlin, Germany"
12.5316,52.4125000000001,225,Brandenburg,Germany,2022/04/30 11:21:00+00,52.4125,12.5316,762694,0,5559,0,,,"Brandenburg, Germany"
8.80170000000004,53.0793,226,Bremen,Germany,2022/04/30 11:21:00+00,53.0793,8.8017,185997,0,753,0,,,"Bremen, Germany"
9.99370000000005,53.5511000000001,227,Hamburg,Germany,2022/04/30 11:21:00+00,53.5511,9.9937,544329,0,2526,0,,,"Hamburg, Germany"
9.16240000000005,50.6521000000001,228,Hessen,Germany,2022/04/30 11:21:00+00,50.6521,9.1624,1726514,0,9918,0,,,"Hessen, Germany"
12.4296000000001,53.6127000000001,229,Mecklenburg-Vorpommern,Germany,2022/04/30 11:21:00+00,53.6127,12.4296,467650,0,2158,0,,,"Mecklenburg-Vorpommern, Germany"
9.84510000000006,52.6367000000001,230,Niedersachsen,Germany,2022/04/30 11:21:00+00,52.6367,9.8451,2160695,0,8750,0,,,"Niedersachsen, Germany"
7.66160000000002,51.4332000000001,231,Nordrhein-Westfalen,Germany,2022/04/30 11:21:00+00,51.4332,7.6616,4947757,0,24745,0,,,"Nordrhein-Westfalen, Germany"
7.30900000000003,50.1183,232,Rheinland-Pfalz,Germany,2022/04/30 11:21:00+00,50.1183,7.309,1076165,0,5516,0,,,"Rheinland-Pfalz, Germany"
7.02300000000002,49.3964,233,Saarland,Germany,2022/04/30 11:21:00+00,49.3964,7.023,300073,0,1638,0,,,"Saarland, Germany"
13.2017000000001,51.1045,234,Sachsen,Germany,2022/04/30 11:21:00+00,51.1045,13.2017,1465979,0,15285,0,,,"Sachsen, Germany"
11.6923,51.9503,235,Sachsen-Anhalt,Germany,2022/04/30 11:21:00+00,51.9503,11.6923,691122,0,5253,0,,,"Sachsen-Anhalt, Germany"
9.69610000000006,54.2194000000001,236,Schleswig-Holstein,Germany,2022/04/30 11:21:00+00,54.2194,9.6961,655724,0,2444,0,,,"Schleswig-Holstein, Germany"
10.8453000000001,51.0110000000001,237,Thuringen,Germany,2022/04/30 11:21:00+00,51.011,10.8453,691033,0,7105,0,,,"Thuringen, Germany"
,,238,Unknown,Germany,2022/04/30 11:21:00+00,,,0,0,0,0,,,"Unknown, Germany"
-1.02319999999997,7.94650000000007,239,,Ghana,2022/04/30 11:21:00+00,7.9465,-1.0232,161173,0,1445,0,,,Ghana
21.8243000000001,39.0742000000001,240,,Greece,2022/04/30 11:21:00+00,39.0742,21.8243,3317425,0,29114,0,,,Greece
-61.679,12.1165,241,,Grenada,2022/04/30 11:21:00+00,12.1165,-61.679,14629,0,220,0,,,Grenada
-90.2308,15.7835000000001,242,,Guatemala,2022/04/30 11:21:00+00,15.7835,-90.2308,845868,0,17566,0,,,Guatemala
-9.69659999999993,9.94560000000007,243,,Guinea,2022/04/30 11:21:00+00,9.9456,-9.6966,36549,0,442,0,,,Guinea
-15.1804,11.8037,244,,Guinea-Bissau,2022/04/30 11:21:00+00,11.8037,-15.1804,8202,0,171,0,,,Guinea-Bissau
-58.93018,4.86041600000004,245,,Guyana,2022/04/30 11:21:00+00,4.860416,-58.93018,63457,0,1228,0,,,Guyana
-72.2852,18.9712000000001,246,,Haiti,2022/04/30 11:21:00+00,18.9712,-72.2852,30690,0,835,0,,,Haiti
12.4534,41.9029,247,,Holy See,2022/04/30 11:21:00+00,41.9029,12.4534,29,0,0,0,,,Holy See
-86.2419,15.2,248,,Honduras,2022/04/30 11:21:00+00,15.2,-86.2419,426179,0,10893,0,,,Honduras
19.5033,47.1625000000001,249,,Hungary,2022/04/30 11:21:00+00,47.1625,19.5033,1901017,0,46201,0,,,Hungary
-19.0208,64.9631000000001,250,,Iceland,2022/04/30 11:21:00+00,64.9631,-19.0208,185579,0,119,0,,,Iceland
92.9681780000001,11.2259990000001,251,Andaman and Nicobar Islands,India,2022/04/30 11:21:00+00,11.225999,92.968178,10035,0,129,0,,,"Andaman and Nicobar Islands, India"
79.7400000000001,15.9129,252,Andhra Pradesh,India,2022/04/30 11:21:00+00,15.9129,79.74,2319683,0,14730,0,,,"Andhra Pradesh, India"
96.3842770000001,27.7684560000001,253,Arunachal Pradesh,India,2022/04/30 11:21:00+00,27.768456,96.384277,64495,0,296,0,,,"Arunachal Pradesh, India"
92.8304410000001,26.357149,254,Assam,India,2022/04/30 11:21:00+00,26.357149,92.830441,724212,0,7986,0,,,"Assam, India"
85.6048400000001,25.6796580000001,255,Bihar,India,2022/04/30 11:21:00+00,25.679658,85.60484,830556,0,12256,0,,,"Bihar, India"
76.7682780000001,30.733839,256,Chandigarh,India,2022/04/30 11:21:00+00,30.733839,76.768278,92051,0,1165,0,,,"Chandigarh, India"
82.0353660000001,21.264705,257,Chhattisgarh,India,2022/04/30 11:21:00+00,21.264705,82.035366,1152263,0,14034,0,,,"Chhattisgarh, India"
73.080901,20.1947420000001,258,Dadra and Nagar Haveli and Daman and Diu,India,2022/04/30 11:21:00+00,20.194742,73.080901,11441,0,4,0,,,"Dadra and Nagar Haveli and Daman and Diu, India"
77.10898,28.6465190000001,259,Delhi,India,2022/04/30 11:21:00+00,28.646519,77.10898,1881555,0,26174,0,,,"Delhi, India"
74.057396,15.3596820000001,260,Goa,India,2022/04/30 11:21:00+00,15.359682,74.057396,245421,0,3832,0,,,"Goa, India"
71.590923,22.6948840000001,261,Gujarat,India,2022/04/30 11:21:00+00,22.694884,71.590923,1224322,0,10943,0,,,"Gujarat, India"
76.3328240000001,29.2000400000001,262,Haryana,India,2022/04/30 11:21:00+00,29.20004,76.332824,992018,0,10619,0,,,"Haryana, India"
77.2330810000001,31.9272130000001,263,Himachal Pradesh,India,2022/04/30 11:21:00+00,31.927213,77.233081,284797,0,4134,0,,,"Himachal Pradesh, India"
76.6126380000001,33.7594300000001,264,Jammu and Kashmir,India,2022/04/30 11:21:00+00,33.75943,76.612638,454032,0,4751,0,,,"Jammu and Kashmir, India"
85.5576310000001,23.6545360000001,265,Jharkhand,India,2022/04/30 11:21:00+00,23.654536,85.557631,435222,0,5317,0,,,"Jharkhand, India"
76.166436,14.70518,266,Karnataka,India,2022/04/30 11:21:00+00,14.70518,76.166436,3947496,0,40099,0,,,"Karnataka, India"
76.4057490000001,10.4508980000001,267,Kerala,India,2022/04/30 11:21:00+00,10.450898,76.405749,6541077,0,69011,0,,,"Kerala, India"
77.5771,34.1526000000001,268,Ladakh,India,2022/04/30 11:21:00+00,34.1526,77.5771,28246,0,228,0,,,"Ladakh, India"
72.1833326,13.6999972,269,Lakshadweep,India,2022/04/30 11:21:00+00,13.6999972,72.1833326,11402,0,52,0,,,"Lakshadweep, India"
78.289633,23.5415130000001,270,Madhya Pradesh,India,2022/04/30 11:21:00+00,23.541513,78.289633,1041414,0,10735,0,,,"Madhya Pradesh, India"
76.1082210000001,19.449759,271,Maharashtra,India,2022/04/30 11:21:00+00,19.449759,76.108221,7877577,0,147842,0,,,"Maharashtra, India"
93.8825410000001,24.738975,272,Manipur,India,2022/04/30 11:21:00+00,24.738975,93.882541,137220,0,2120,0,,,"Manipur, India"
91.2788820000001,25.536934,273,Meghalaya,India,2022/04/30 11:21:00+00,25.536934,91.278882,93797,0,1593,0,,,"Meghalaya, India"
92.83822,23.309381,274,Mizoram,India,2022/04/30 11:21:00+00,23.309381,92.83822,227419,0,696,0,,,"Mizoram, India"
94.4703020000001,26.0670200000001,275,Nagaland,India,2022/04/30 11:21:00+00,26.06702,94.470302,35488,0,760,0,,,"Nagaland, India"
84.4180590000001,20.5054280000001,276,Odisha,India,2022/04/30 11:21:00+00,20.505428,84.418059,1288034,0,9124,0,,,"Odisha, India"
78.8649800000001,11.882658,277,Puducherry,India,2022/04/30 11:21:00+00,11.882658,78.86498,165788,0,1962,0,,,"Puducherry, India"
75.4087900000001,30.841465,278,Punjab,India,2022/04/30 11:21:00+00,30.841465,75.40879,759565,0,17748,0,,,"Punjab, India"
73.8479730000001,26.583423,279,Rajasthan,India,2022/04/30 11:21:00+00,26.583423,73.847973,1283595,0,9552,0,,,"Rajasthan, India"
88.4727120000001,27.571671,280,Sikkim,India,2022/04/30 11:21:00+00,27.571671,88.472712,39152,0,452,0,,,"Sikkim, India"
78.4006240000001,11.006091,281,Tamil Nadu,India,2022/04/30 11:21:00+00,11.006091,78.400624,3453883,0,38025,0,,,"Tamil Nadu, India"
79.0193,18.1124,282,Telangana,India,2022/04/30 11:21:00+00,18.1124,79.0193,791978,0,4111,0,,,"Telangana, India"
91.743565,23.7467830000001,283,Tripura,India,2022/04/30 11:21:00+00,23.746783,91.743565,100880,0,922,0,,,"Tripura, India"
,,284,Unknown,India,2022/04/30 11:21:00+00,,,0,0,0,0,,,"Unknown, India"
80.5609820000001,26.9254250000001,285,Uttar Pradesh,India,2022/04/30 11:21:00+00,26.925425,80.560982,2074072,0,23507,0,,,"Uttar Pradesh, India"
79.1976080000001,30.1564470000001,286,Uttarakhand,India,2022/04/30 11:21:00+00,30.156447,79.197608,437473,0,7693,0,,,"Uttarakhand, India"
87.9798030000001,23.814082,287,West Bengal,India,2022/04/30 11:21:00+00,23.814082,87.979803,2018205,0,21201,0,,,"West Bengal, India"
113.9213,-0.7893,288,,Indonesia,2022/04/30 11:21:00+00,-0.7893,113.9213,6046796,0,156257,0,,,Indonesia
53.688046,32.4279080000001,289,,Iran,2022/04/30 11:21:00+00,32.427908,53.688046,7221653,0,141083,0,,,Iran
43.679291,33.223191,290,,Iraq,2022/04/30 11:21:00+00,33.223191,43.679291,2324982,0,25211,0,,,Iraq
-7.69209999999993,53.1424000000001,291,,Ireland,2022/04/30 11:21:00+00,53.1424,-7.6921,1517112,0,7087,0,,,Ireland
34.851612,31.046051,292,,Israel,2022/04/30 11:21:00+00,31.046051,34.851612,4074112,0,10695,0,,,Israel
13.3984382300001,42.35122196,293,Abruzzo,Italy,2022/04/30 11:21:00+00,42.35122196,13.39843823,372307,0,3213,0,,,"Abruzzo, Italy"
15.8051483400001,40.63947052,294,Basilicata,Italy,2022/04/30 11:21:00+00,40.63947052,15.80514834,126883,0,885,0,,,"Basilicata, Italy"
16.5944019400001,38.9059759800001,295,Calabria,Italy,2022/04/30 11:21:00+00,38.90597598,16.59440194,356327,0,2495,0,,,"Calabria, Italy"
14.2508498400001,40.83956555,296,Campania,Italy,2022/04/30 11:21:00+00,40.83956555,14.25084984,1598344,0,10274,0,,,"Campania, Italy"
11.3417208000001,44.49436681,297,Emilia-Romagna,Italy,2022/04/30 11:21:00+00,44.49436681,11.3417208,1406675,0,16614,0,,,"Emilia-Romagna, Italy"
13.7681364900001,45.6494354000001,298,Friuli Venezia Giulia,Italy,2022/04/30 11:21:00+00,45.6494354,13.76813649,362348,0,4998,0,,,"Friuli Venezia Giulia, Italy"
12.48366722,41.89277044,299,Lazio,Italy,2022/04/30 11:21:00+00,41.89277044,12.48366722,1478195,0,11102,0,,,"Lazio, Italy"
8.93269920000006,44.4114931500001,300,Liguria,Italy,2022/04/30 11:21:00+00,44.41149315,8.9326992,425640,0,5269,0,,,"Liguria, Italy"
9.19034740400002,45.4667940900001,301,Lombardia,Italy,2022/04/30 11:21:00+00,45.46679409,9.190347404,2758419,0,39915,0,,,"Lombardia, Italy"
13.5188753,43.6167597300001,302,Marche,Italy,2022/04/30 11:21:00+00,43.61675973,13.5188753,442932,0,3835,0,,,"Marche, Italy"
14.65916051,41.55774754,303,Molise,Italy,2022/04/30 11:21:00+00,41.55774754,14.65916051,59560,0,615,0,,,"Molise, Italy"
11.3566242200001,46.4993345300001,304,P.A. Bolzano,Italy,2022/04/30 11:21:00+00,46.49933453,11.35662422,210595,0,1463,0,,,"P.A. Bolzano, Italy"
11.1212309700001,46.06893511,305,P.A. Trento,Italy,2022/04/30 11:21:00+00,46.06893511,11.12123097,160805,0,1555,0,,,"P.A. Trento, Italy"
7.68068748300004,45.0732745,306,Piemonte,Italy,2022/04/30 11:21:00+00,45.0732745,7.680687483,1141349,0,13311,0,,,"Piemonte, Italy"
16.86736689,41.1255957600001,307,Puglia,Italy,2022/04/30 11:21:00+00,41.12559576,16.86736689,1062351,0,8258,0,,,"Puglia, Italy"
9.11061630600005,39.21531192,308,Sardegna,Italy,2022/04/30 11:21:00+00,39.21531192,9.110616306,278301,0,2349,0,,,"Sardegna, Italy"
13.3623567000001,38.11569725,309,Sicilia,Italy,2022/04/30 11:21:00+00,38.11569725,13.3623567,1108482,0,10568,0,,,"Sicilia, Italy"
11.2558888500001,43.76923077,310,Toscana,Italy,2022/04/30 11:21:00+00,43.76923077,11.25588885,1094630,0,9842,0,,,"Toscana, Italy"
12.3882469800001,43.1067584100001,311,Umbria,Italy,2022/04/30 11:21:00+00,43.10675841,12.38824698,267223,0,1834,0,,,"Umbria, Italy"
7.32014936600007,45.7375028600001,312,Valle d'Aosta,Italy,2022/04/30 11:21:00+00,45.73750286,7.320149366,34975,0,533,0,,,"Valle d'Aosta, Italy"
12.3384521300001,45.4349048500001,313,Veneto,Italy,2022/04/30 11:21:00+00,45.43490485,12.33845213,1662842,0,14449,0,,,"Veneto, Italy"
-77.2975,18.1096000000001,314,,Jamaica,2022/04/30 11:21:00+00,18.1096,-77.2975,129978,0,2962,0,,,Jamaica
137.211621,35.0355510000001,315,Aichi,Japan,2022/04/30 11:21:00+00,35.035551,137.211621,483649,0,2018,0,,,"Aichi, Japan"
140.408228,39.748679,316,Akita,Japan,2022/04/30 11:21:00+00,39.748679,140.408228,24698,0,57,0,,,"Akita, Japan"
140.828896,40.7815410000001,317,Aomori,Japan,2022/04/30 11:21:00+00,40.781541,140.828896,48423,0,96,0,,,"Aomori, Japan"
140.198917,35.510141,318,Chiba,Japan,2022/04/30 11:21:00+00,35.510141,140.198917,420297,0,1740,0,,,"Chiba, Japan"
132.856842,33.6248350000001,319,Ehime,Japan,2022/04/30 11:21:00+00,33.624835,132.856842,33206,0,135,0,,,"Ehime, Japan"
136.224654,35.846614,320,Fukui,Japan,2022/04/30 11:21:00+00,35.846614,136.224654,26909,0,45,0,,,"Fukui, Japan"
130.666949,33.526032,321,Fukuoka,Japan,2022/04/30 11:21:00+00,33.526032,130.666949,369021,0,1210,0,,,"Fukuoka, Japan"
140.223295,37.3788670000001,322,Fukushima,Japan,2022/04/30 11:21:00+00,37.378867,140.223295,51570,0,212,0,,,"Fukushima, Japan"
137.055925,35.778671,323,Gifu,Japan,2022/04/30 11:21:00+00,35.778671,137.055925,84267,0,324,0,,,"Gifu, Japan"
138.985605,36.5044790000001,324,Gunma,Japan,2022/04/30 11:21:00+00,36.504479,138.985605,84194,0,308,0,,,"Gunma, Japan"
132.788719,34.605309,325,Hiroshima,Japan,2022/04/30 11:21:00+00,34.605309,132.788719,126106,0,464,0,,,"Hiroshima, Japan"
142.552318,43.3857110000001,326,Hokkaido,Japan,2022/04/30 11:21:00+00,43.385711,142.552318,291038,0,1994,0,,,"Hokkaido, Japan"
134.828057,35.0399130000001,327,Hyogo,Japan,2022/04/30 11:21:00+00,35.039913,134.828057,384169,0,2189,0,,,"Hyogo, Japan"
140.319591,36.303588,328,Ibaraki,Japan,2022/04/30 11:21:00+00,36.303588,140.319591,143249,0,421,0,,,"Ibaraki, Japan"
136.771027,36.769464,329,Ishikawa,Japan,2022/04/30 11:21:00+00,36.769464,136.771027,43220,0,191,0,,,"Ishikawa, Japan"
141.361777,39.593287,330,Iwate,Japan,2022/04/30 11:21:00+00,39.593287,141.361777,27421,0,86,0,,,"Iwate, Japan"
133.969047,34.217292,331,Kagawa,Japan,2022/04/30 11:21:00+00,34.217292,133.969047,39072,0,120,0,,,"Kagawa, Japan"
130.430665,31.009484,332,Kagoshima,Japan,2022/04/30 11:21:00+00,31.009484,130.430665,64040,0,179,0,,,"Kagoshima, Japan"
139.338983,35.415312,333,Kanagawa,Japan,2022/04/30 11:21:00+00,35.415312,139.338983,699388,0,2138,0,,,"Kanagawa, Japan"
133.367307,33.4225190000001,334,Kochi,Japan,2022/04/30 11:21:00+00,33.422519,133.367307,21334,0,104,0,,,"Kochi, Japan"
130.745231,32.6081540000001,335,Kumamoto,Japan,2022/04/30 11:21:00+00,32.608154,130.745231,81880,0,281,0,,,"Kumamoto, Japan"
135.443341,35.253815,336,Kyoto,Japan,2022/04/30 11:21:00+00,35.253815,135.443341,180565,0,699,0,,,"Kyoto, Japan"
136.376013,34.5080180000001,337,Mie,Japan,2022/04/30 11:21:00+00,34.508018,136.376013,71108,0,285,0,,,"Mie, Japan"
140.927086,38.4468590000001,338,Miyagi,Japan,2022/04/30 11:21:00+00,38.446859,140.927086,73923,0,188,0,,,"Miyagi, Japan"
131.299374,32.193204,339,Miyazaki,Japan,2022/04/30 11:21:00+00,32.193204,131.299374,39942,0,131,0,,,"Miyazaki, Japan"
138.045528,36.1321340000001,340,Nagano,Japan,2022/04/30 11:21:00+00,36.132134,138.045528,61913,0,178,0,,,"Nagano, Japan"
129.608033,33.235712,341,Nagasaki,Japan,2022/04/30 11:21:00+00,33.235712,129.608033,46627,0,121,0,,,"Nagasaki, Japan"
135.871644,34.3174510000001,342,Nara,Japan,2022/04/30 11:21:00+00,34.317451,135.871644,83304,0,365,0,,,"Nara, Japan"
138.918647,37.5218190000001,343,Niigata,Japan,2022/04/30 11:21:00+00,37.521819,138.918647,60398,0,91,0,,,"Niigata, Japan"
131.43324,33.200697,344,Oita,Japan,2022/04/30 11:21:00+00,33.200697,131.43324,43632,0,156,0,,,"Oita, Japan"
133.826252,34.89246,345,Okayama,Japan,2022/04/30 11:21:00+00,34.89246,133.826252,79951,0,240,0,,,"Okayama, Japan"
126.668016,25.768923,346,Okinawa,Japan,2022/04/30 11:21:00+00,25.768923,126.668016,160109,0,447,0,,,"Okinawa, Japan"
135.507481,34.6209650000001,347,Osaka,Japan,2022/04/30 11:21:00+00,34.620965,135.507481,894035,0,4945,0,,,"Osaka, Japan"
,,348,Port Quarantine,Japan,2021/11/10 23:21:44+00,,,4463,0,4,0,,,"Port Quarantine, Japan"
130.115738,33.286977,349,Saga,Japan,2022/04/30 11:21:00+00,33.286977,130.115738,44381,0,97,0,,,"Saga, Japan"
139.347635,35.997101,350,Saitama,Japan,2022/04/30 11:21:00+00,35.997101,139.347635,510494,0,1446,0,,,"Saitama, Japan"
136.138064,35.215827,351,Shiga,Japan,2022/04/30 11:21:00+00,35.215827,136.138064,80789,0,213,0,,,"Shiga, Japan"
132.554064,35.0707600000001,352,Shimane,Japan,2022/04/30 11:21:00+00,35.07076,132.554064,13682,0,14,0,,,"Shimane, Japan"
138.407784,34.916975,353,Shizuoka,Japan,2022/04/30 11:21:00+00,34.916975,138.407784,146347,0,402,0,,,"Shizuoka, Japan"
139.819213,36.689912,354,Tochigi,Japan,2022/04/30 11:21:00+00,36.689912,139.819213,80587,0,265,0,,,"Tochigi, Japan"
134.242091,33.919178,355,Tokushima,Japan,2022/04/30 11:21:00+00,33.919178,134.242091,18756,0,79,0,,,"Tokushima, Japan"
139.446921,35.7113430000001,356,Tokyo,Japan,2022/04/30 11:21:00+00,35.711343,139.446921,1435784,0,4328,0,,,"Tokyo, Japan"
133.863619,35.359069,357,Tottori,Japan,2022/04/30 11:21:00+00,35.359069,133.863619,12204,0,14,0,,,"Tottori, Japan"
137.269346,36.6374640000001,358,Toyama,Japan,2022/04/30 11:21:00+00,36.637464,137.269346,32015,0,91,0,,,"Toyama, Japan"
,,359,Unknown,Japan,2021/11/10 23:21:44+00,,,8,0,0,0,,,"Unknown, Japan"
135.505446,33.9118790000001,360,Wakayama,Japan,2022/04/30 11:21:00+00,33.911879,135.505446,35811,0,115,0,,,"Wakayama, Japan"
140.102154,38.4483960000001,361,Yamagata,Japan,2022/04/30 11:21:00+00,38.448396,140.102154,23157,0,87,0,,,"Yamagata, Japan"
131.573293,34.2011900000001,362,Yamaguchi,Japan,2022/04/30 11:21:00+00,34.20119,131.573293,36457,0,173,0,,,"Yamaguchi, Japan"
138.611489,35.6123640000001,363,Yamanashi,Japan,2022/04/30 11:21:00+00,35.612364,138.611489,28672,0,67,0,,,"Yamanashi, Japan"
36.51,31.2400000000001,364,,Jordan,2022/04/30 11:21:00+00,31.24,36.51,1695745,0,14064,0,,,Jordan
66.9237000000001,48.0196,365,,Kazakhstan,2022/04/30 11:21:00+00,48.0196,66.9237,1394493,0,19013,0,,,Kazakhstan
37.9062000000001,-0.0236,366,,Kenya,2022/04/30 11:21:00+00,-0.0236,37.9062,323760,0,5649,0,,,Kenya
-168.734,-3.37039999999996,367,,Kiribati,2022/04/30 11:21:00+00,-3.3704,-168.734,3081,0,13,0,,,Kiribati
127.766922,35.9077570000001,368,,"Korea, South",2022/04/30 11:21:00+00,35.907757,127.766922,17237878,0,22794,0,,,"Korea, South"
20.9029770000001,42.6026360000001,369,,Kosovo,2022/04/30 11:21:00+00,42.602636,20.902977,228052,0,3138,0,,,Kosovo
47.4817660000001,29.3116600000001,370,,Kuwait,2022/04/30 11:21:00+00,29.31166,47.481766,631409,0,2555,0,,,Kuwait
74.7660980000001,41.2043800000001,371,,Kyrgyzstan,2022/04/30 11:21:00+00,41.20438,74.766098,200992,0,2991,0,,,Kyrgyzstan
102.495496,19.8562700000001,372,,Laos,2022/04/30 11:21:00+00,19.85627,102.495496,207469,0,744,0,,,Laos
24.6032000000001,56.8796,373,,Latvia,2022/04/30 11:21:00+00,56.8796,24.6032,822013,0,5760,0,,,Latvia
35.8623000000001,33.8547,374,,Lebanon,2022/04/30 11:21:00+00,33.8547,35.8623,1096854,0,10384,0,,,Lebanon
28.2336,-29.61,375,,Lesotho,2022/04/30 11:21:00+00,-29.61,28.2336,33015,0,697,0,,,Lesotho
-9.42949899999996,6.42805500000003,376,,Liberia,2022/04/30 11:21:00+00,6.428055,-9.429499,7434,0,294,0,,,Liberia
17.228331,26.3351000000001,377,,Libya,2022/04/30 11:21:00+00,26.3351,17.228331,501904,0,6430,0,,,Libya
9.55000000000007,47.14,378,,Liechtenstein,2022/04/30 11:21:00+00,47.14,9.55,17185,0,84,0,,,Liechtenstein
23.8813000000001,55.1694000000001,379,,Lithuania,2022/04/30 11:21:00+00,55.1694,23.8813,1058195,0,9094,0,,,Lithuania
6.12960000000004,49.8153,380,,Luxembourg,2022/04/30 11:21:00+00,49.8153,6.1296,237856,0,1064,0,,,Luxembourg
,,381,,MS Zaandam,2022/04/30 11:21:00+00,,,9,0,2,0,,,MS Zaandam
46.869107,-18.766947,382,,Madagascar,2022/04/30 11:21:00+00,-18.766947,46.869107,64152,0,1391,0,,,Madagascar
34.3015,-13.2542999999999,383,,Malawi,2022/04/30 11:21:00+00,-13.2543,34.3015,85781,0,2634,0,,,Malawi
103.7618,1.48540000000003,384,Johor,Malaysia,2022/04/30 11:21:00+00,1.4854,103.7618,382096,0,4504,0,,,"Johor, Malaysia"
100.3685,6.11840000000007,385,Kedah,Malaysia,2022/04/30 11:21:00+00,6.1184,100.3685,298550,0,2626,0,,,"Kedah, Malaysia"
102.2381,6.12540000000007,386,Kelantan,Malaysia,2022/04/30 11:21:00+00,6.1254,102.2381,247337,0,1419,0,,,"Kelantan, Malaysia"
102.2501,2.18960000000004,387,Melaka,Malaysia,2022/04/30 11:21:00+00,2.1896,102.2501,121824,0,1118,0,,,"Melaka, Malaysia"
101.9424,2.72580000000005,388,Negeri Sembilan,Malaysia,2022/04/30 11:21:00+00,2.7258,101.9424,201461,0,1471,0,,,"Negeri Sembilan, Malaysia"
103.3256,3.81260000000003,389,Pahang,Malaysia,2022/04/30 11:21:00+00,3.8126,103.3256,170740,0,970,0,,,"Pahang, Malaysia"
101.0901,4.59210000000007,390,Perak,Malaysia,2022/04/30 11:21:00+00,4.5921,101.0901,200565,0,1908,0,,,"Perak, Malaysia"
100.2048,6.44490000000008,391,Perlis,Malaysia,2022/04/30 11:21:00+00,6.4449,100.2048,17269,0,182,0,,,"Perlis, Malaysia"
100.3288,5.41410000000008,392,Pulau Pinang,Malaysia,2022/04/30 11:21:00+00,5.4141,100.3288,277209,0,1982,0,,,"Pulau Pinang, Malaysia"
116.0753,5.97880000000004,393,Sabah,Malaysia,2022/04/30 11:21:00+00,5.9788,116.0753,370712,0,3124,0,,,"Sabah, Malaysia"
110.3592,1.55330000000004,394,Sarawak,Malaysia,2022/04/30 11:21:00+00,1.5533,110.3592,305252,0,1729,0,,,"Sarawak, Malaysia"
101.5183,3.07380000000006,395,Selangor,Malaysia,2022/04/30 11:21:00+00,3.0738,101.5183,1338587,0,10630,0,,,"Selangor, Malaysia"
103.1324,5.31170000000003,396,Terengganu,Malaysia,2022/04/30 11:21:00+00,5.3117,103.1324,125653,0,863,0,,,"Terengganu, Malaysia"
,,397,Unknown,Malaysia,2022/04/30 11:21:00+00,,,0,0,0,0,,,"Unknown, Malaysia"
101.6869,3.13900000000007,398,W.P. Kuala Lumpur,Malaysia,2022/04/30 11:21:00+00,3.139,101.6869,347955,0,2818,0,,,"W.P. Kuala Lumpur, Malaysia"
115.2308,5.28310000000005,399,W.P. Labuan,Malaysia,2022/04/30 11:21:00+00,5.2831,115.2308,21303,0,155,0,,,"W.P. Labuan, Malaysia"
101.6964,2.92640000000006,400,W.P. Putrajaya,Malaysia,2022/04/30 11:21:00+00,2.9264,101.6964,19384,0,43,0,,,"W.P. Putrajaya, Malaysia"
73.2207000000001,3.20280000000002,401,,Maldives,2022/04/30 11:21:00+00,3.2028,73.2207,179171,0,298,0,,,Maldives
-3.99616599999996,17.5706920000001,402,,Mali,2022/04/30 11:21:00+00,17.570692,-3.996166,30815,0,732,0,,,Mali
14.3754000000001,35.9375000000001,403,,Malta,2022/04/30 11:21:00+00,35.9375,14.3754,91605,0,698,0,,,Malta
171.1845,7.13150000000007,404,,Marshall Islands,2022/04/30 11:21:00+00,7.1315,171.1845,17,0,0,0,,,Marshall Islands
-10.9408,21.0079000000001,405,,Mauritania,2022/04/30 11:21:00+00,21.0079,-10.9408,58687,0,982,0,,,Mauritania
57.552152,-20.348404,406,,Mauritius,2022/04/30 11:21:00+00,-20.348404,57.552152,220344,0,990,0,,,Mauritius
-102.2916,21.8853,407,Aguascalientes,Mexico,2022/04/30 11:21:00+00,21.8853,-102.2916,65832,0,3500,0,,,"Aguascalientes, Mexico"
-115.2838,30.8406000000001,408,Baja California,Mexico,2022/04/30 11:21:00+00,30.8406,-115.2838,134082,0,12270,0,,,"Baja California, Mexico"
-111.6661,26.0444000000001,409,Baja California Sur,Mexico,2022/04/30 11:21:00+00,26.0444,-111.6661,103712,0,2689,0,,,"Baja California Sur, Mexico"
-90.5348999999999,19.8301000000001,410,Campeche,Mexico,2022/04/30 11:21:00+00,19.8301,-90.5349,34084,0,2242,0,,,"Campeche, Mexico"
-93.1292,16.7569,411,Chiapas,Mexico,2022/04/30 11:21:00+00,16.7569,-93.1292,39024,0,2410,0,,,"Chiapas, Mexico"
-106.0691,28.633,412,Chihuahua,Mexico,2022/04/30 11:21:00+00,28.633,-106.0691,131452,0,9953,0,,,"Chihuahua, Mexico"
-99.1332,19.4326,413,Ciudad de Mexico,Mexico,2022/04/30 11:21:00+00,19.4326,-99.1332,1397085,0,42789,0,,,"Ciudad de Mexico, Mexico"
-101.7068,27.0587,414,Coahuila,Mexico,2022/04/30 11:21:00+00,27.0587,-101.7068,145489,0,8789,0,,,"Coahuila, Mexico"
-104.0072,19.1223000000001,415,Colima,Mexico,2022/04/30 11:21:00+00,19.1223,-104.0072,54738,0,2197,0,,,"Colima, Mexico"
-104.6588,24.5593000000001,416,Durango,Mexico,2022/04/30 11:21:00+00,24.5593,-104.6588,68236,0,3616,0,,,"Durango, Mexico"
-101.2574,21.0190000000001,417,Guanajuato,Mexico,2022/04/30 11:21:00+00,21.019,-101.2574,282085,0,14880,0,,,"Guanajuato, Mexico"
-99.5451,17.4392,418,Guerrero,Mexico,2022/04/30 11:21:00+00,17.4392,-99.5451,98379,0,6756,0,,,"Guerrero, Mexico"
-98.7624,20.0911,419,Hidalgo,Mexico,2022/04/30 11:21:00+00,20.0911,-98.7624,93394,0,8408,0,,,"Hidalgo, Mexico"
-103.3494,20.6595,420,Jalisco,Mexico,2022/04/30 11:21:00+00,20.6595,-103.3494,245428,0,19583,0,,,"Jalisco, Mexico"
-99.7232999999999,19.4969,421,Mexico,Mexico,2022/04/30 11:21:00+00,19.4969,-99.7233,571993,0,47204,0,,,"Mexico, Mexico"
-101.7068,19.5665000000001,422,Michoacan,Mexico,2022/04/30 11:21:00+00,19.5665,-101.7068,94119,0,8824,0,,,"Michoacan, Mexico"
-99.1013,18.6813,423,Morelos,Mexico,2022/04/30 11:21:00+00,18.6813,-99.1013,70169,0,5268,0,,,"Morelos, Mexico"
-104.8455,21.7514,424,Nayarit,Mexico,2022/04/30 11:21:00+00,21.7514,-104.8455,58196,0,3199,0,,,"Nayarit, Mexico"
-99.9962,25.5922,425,Nuevo Leon,Mexico,2022/04/30 11:21:00+00,25.5922,-99.9962,319484,0,15011,0,,,"Nuevo Leon, Mexico"
-96.7266,17.0732,426,Oaxaca,Mexico,2022/04/30 11:21:00+00,17.0732,-96.7266,119920,0,6195,0,,,"Oaxaca, Mexico"
-98.2062999999999,19.0414000000001,427,Puebla,Mexico,2022/04/30 11:21:00+00,19.0414,-98.2063,169571,0,16452,0,,,"Puebla, Mexico"
-100.3899,20.5888,428,Queretaro,Mexico,2022/04/30 11:21:00+00,20.5888,-100.3899,142038,0,6197,0,,,"Queretaro, Mexico"
-88.4791,19.1817,429,Quintana Roo,Mexico,2022/04/30 11:21:00+00,19.1817,-88.4791,91876,0,4379,0,,,"Quintana Roo, Mexico"
-100.9855,22.1565000000001,430,San Luis Potosi,Mexico,2022/04/30 11:21:00+00,22.1565,-100.9855,186135,0,7484,0,,,"San Luis Potosi, Mexico"
-107.4795,25.1721000000001,431,Sinaloa,Mexico,2022/04/30 11:21:00+00,25.1721,-107.4795,121922,0,9720,0,,,"Sinaloa, Mexico"
-110.3309,29.2972,432,Sonora,Mexico,2022/04/30 11:21:00+00,29.2972,-110.3309,165576,0,10119,0,,,"Sonora, Mexico"
-92.6188999999999,17.8409,433,Tabasco,Mexico,2022/04/30 11:21:00+00,17.8409,-92.6189,189772,0,6044,0,,,"Tabasco, Mexico"
-98.8362999999999,24.2669000000001,434,Tamaulipas,Mexico,2022/04/30 11:21:00+00,24.2669,-98.8363,145386,0,7981,0,,,"Tamaulipas, Mexico"
-98.2404,19.3139,435,Tlaxcala,Mexico,2022/04/30 11:21:00+00,19.3139,-98.2404,43806,0,3073,0,,,"Tlaxcala, Mexico"
,,436,Unknown,Mexico,2022/04/30 11:21:00+00,,,0,0,0,0,,,"Unknown, Mexico"
-96.1342,19.1738,437,Veracruz,Mexico,2022/04/30 11:21:00+00,19.1738,-96.1342,178975,0,16404,0,,,"Veracruz, Mexico"
-89.0943,20.7099000000001,438,Yucatan,Mexico,2022/04/30 11:21:00+00,20.7099,-89.0943,109146,0,6808,0,,,"Yucatan, Mexico"
-102.5832,22.7709,439,Zacatecas,Mexico,2022/04/30 11:21:00+00,22.7709,-102.5832,67665,0,3850,0,,,"Zacatecas, Mexico"
150.5508,7.42560000000003,440,,Micronesia,2022/04/30 11:21:00+00,7.4256,150.5508,5,0,0,0,,,Micronesia
28.3699,47.4116000000001,441,,Moldova,2022/04/30 11:21:00+00,47.4116,28.3699,516986,0,11489,0,,,Moldova
7.41670000000005,43.7333,442,,Monaco,2022/04/30 11:21:00+00,43.7333,7.4167,11762,0,57,0,,,Monaco
103.8467,46.8625000000001,443,,Mongolia,2022/04/30 11:21:00+00,46.8625,103.8467,920671,0,2179,0,,,Mongolia
19.3743900000001,42.7086780000001,444,,Montenegro,2022/04/30 11:21:00+00,42.708678,19.37439,235151,0,2714,0,,,Montenegro
-7.09259999999995,31.7917,445,,Morocco,2022/04/30 11:21:00+00,31.7917,-7.0926,1164907,0,16069,0,,,Morocco
35.5295620000001,-18.665695,446,,Mozambique,2022/04/30 11:21:00+00,-18.665695,35.529562,225383,0,2201,0,,,Mozambique
18.4904,-22.9576,447,,Namibia,2022/04/30 11:21:00+00,-22.9576,18.4904,158649,0,4025,0,,,Namibia
84.2500000000001,28.1667,448,,Nepal,2022/04/30 11:21:00+00,28.1667,84.25,978810,0,11951,0,,,Nepal
-69.9682999999999,12.5211,449,Aruba,Netherlands,2022/04/30 11:21:00+00,12.5211,-69.9683,34846,0,212,0,,,"Aruba, Netherlands"
-68.2385,12.1784000000001,450,"Bonaire, Sint Eustatius and Saba",Netherlands,2022/04/30 11:21:00+00,12.1784,-68.2385,9745,0,34,0,,,"Bonaire, Sint Eustatius and Saba, Netherlands"
-68.99,12.1696000000001,451,Curacao,Netherlands,2022/04/30 11:21:00+00,12.1696,-68.99,42241,0,274,0,,,"Curacao, Netherlands"
6.61843500000003,52.862485,452,Drenthe,Netherlands,2022/04/30 11:21:00+00,52.862485,6.618435,201836,0,450,0,,,"Drenthe, Netherlands"
5.51516200000003,52.5503830000001,453,Flevoland,Netherlands,2022/04/30 11:21:00+00,52.550383,5.515162,182901,0,331,0,,,"Flevoland, Netherlands"
5.79250000000008,53.087337,454,Friesland,Netherlands,2022/04/30 11:21:00+00,53.087337,5.7925,277013,0,617,0,,,"Friesland, Netherlands"
5.93911400000007,52.061738,455,Gelderland,Netherlands,2022/04/30 11:21:00+00,52.061738,5.939114,982063,0,2793,0,,,"Gelderland, Netherlands"
6.74151400000005,53.217922,456,Groningen,Netherlands,2022/04/30 11:21:00+00,53.217922,6.741514,247440,0,355,0,,,"Groningen, Netherlands"
5.93387000000007,51.2092270000001,457,Limburg,Netherlands,2022/04/30 11:21:00+00,51.209227,5.93387,527630,0,2161,0,,,"Limburg, Netherlands"
5.18494200000004,51.5611740000001,458,Noord-Brabant,Netherlands,2022/04/30 11:21:00+00,51.561174,5.184942,1232525,0,3690,0,,,"Noord-Brabant, Netherlands"
4.91868800000003,52.6009060000001,459,Noord-Holland,Netherlands,2022/04/30 11:21:00+00,52.600906,4.918688,1316544,0,3361,0,,,"Noord-Holland, Netherlands"
6.44172200000003,52.444558,460,Overijssel,Netherlands,2022/04/30 11:21:00+00,52.444558,6.441722,564162,0,1412,0,,,"Overijssel, Netherlands"
-63.0547999999999,18.0425000000001,461,Sint Maarten,Netherlands,2022/04/30 11:21:00+00,18.0425,-63.0548,10036,0,86,0,,,"Sint Maarten, Netherlands"
,,462,Unknown,Netherlands,2022/02/28 23:21:00+00,,,84139,0,21,0,,,"Unknown, Netherlands"
5.16382400000003,52.0842510000001,463,Utrecht,Netherlands,2022/04/30 11:21:00+00,52.084251,5.163824,661196,0,1535,0,,,"Utrecht, Netherlands"
3.86155900000006,51.47936,464,Zeeland,Netherlands,2022/04/30 11:21:00+00,51.47936,3.861559,167677,0,388,0,,,"Zeeland, Netherlands"
4.46211400000004,51.9378350000001,465,Zuid-Holland,Netherlands,2022/04/30 11:21:00+00,51.937835,4.462114,1686087,0,5150,0,,,"Zuid-Holland, Netherlands"
174.886,-40.9005999999999,466,,New Zealand,2022/04/30 11:21:00+00,-40.9006,174.886,930969,0,702,0,,,New Zealand
-159.7777,-21.2366999999999,467,Cook Islands,New Zealand,2022/04/30 11:21:00+00,-21.2367,-159.7777,5031,0,1,0,,,"Cook Islands, New Zealand"
-85.207229,12.865416,468,,Nicaragua,2022/04/30 11:21:00+00,12.865416,-85.207229,18491,0,234,0,,,Nicaragua
8.08166600000004,17.607789,469,,Niger,2022/04/30 11:21:00+00,17.607789,8.081666,8928,0,309,0,,,Niger
8.67530000000005,9.08200000000005,470,,Nigeria,2022/04/30 11:21:00+00,9.082,8.6753,255716,0,3143,0,,,Nigeria
21.7453,41.6086000000001,471,,North Macedonia,2022/04/30 11:21:00+00,41.6086,21.7453,309571,0,9280,0,,,North Macedonia
8.46890000000008,60.472,472,,Norway,2022/04/30 11:21:00+00,60.472,8.4689,1425809,0,2932,0,,,Norway
55.923255,21.5125830000001,473,,Oman,2022/04/30 11:21:00+00,21.512583,55.923255,389126,0,4258,0,,,Oman
73.947253,34.0274010000001,474,Azad Jammu and Kashmir,Pakistan,2022/04/30 11:21:00+00,34.027401,73.947253,43310,0,792,0,,,"Azad Jammu and Kashmir, Pakistan"
65.898403,28.328492,475,Balochistan,Pakistan,2022/04/30 11:21:00+00,28.328492,65.898403,35484,0,378,0,,,"Balochistan, Pakistan"
74.9821380000001,35.7921460000001,476,Gilgit-Baltistan,Pakistan,2022/04/30 11:21:00+00,35.792146,74.982138,11737,0,191,0,,,"Gilgit-Baltistan, Pakistan"
73.1212190000001,33.665087,477,Islamabad,Pakistan,2022/04/30 11:21:00+00,33.665087,73.121219,135178,0,1023,0,,,"Islamabad, Pakistan"
72.09169,34.485332,478,Khyber Pakhtunkhwa,Pakistan,2022/04/30 11:21:00+00,34.485332,72.09169,219460,0,6324,0,,,"Khyber Pakhtunkhwa, Pakistan"
72.1391320000001,30.8113460000001,479,Punjab,Pakistan,2022/04/30 11:21:00+00,30.811346,72.139132,506018,0,13560,0,,,"Punjab, Pakistan"
68.7768070000001,26.009446,480,Sindh,Pakistan,2022/04/30 11:21:00+00,26.009446,68.776807,576769,0,8101,0,,,"Sindh, Pakistan"
134.5825,7.51500000000004,481,,Palau,2022/04/30 11:21:00+00,7.515,134.5825,4610,0,6,0,,,Palau
-80.7821,8.53800000000007,482,,Panama,2022/04/30 11:21:00+00,8.538,-80.7821,775488,0,8184,0,,,Panama
143.95555,-6.31499299999996,483,,Papua New Guinea,2022/04/30 11:21:00+00,-6.314993,143.95555,43817,0,650,0,,,Papua New Guinea
-58.4438,-23.4424999999999,484,,Paraguay,2022/04/30 11:21:00+00,-23.4425,-58.4438,649455,0,18795,0,,,Paraguay
-78.050172,-5.07725299999993,485,Amazonas,Peru,2022/04/30 11:21:00+00,-5.077253,-78.050172,44134,0,1339,0,,,"Amazonas, Peru"
-77.671795,-9.40712499999995,486,Ancash,Peru,2022/04/30 11:21:00+00,-9.407125,-77.671795,127552,0,7140,0,,,"Ancash, Peru"
-72.975378,-14.0277129999999,487,Apurimac,Peru,2022/04/30 11:21:00+00,-14.027713,-72.975378,39036,0,1632,0,,,"Apurimac, Peru"
-72.475539,-15.8435239999999,488,Arequipa,Peru,2022/04/30 11:21:00+00,-15.843524,-72.475539,214083,0,10302,0,,,"Arequipa, Peru"
-74.0834399999999,-14.091648,489,Ayacucho,Peru,2022/04/30 11:21:00+00,-14.091648,-74.08344,48165,0,2327,0,,,"Ayacucho, Peru"
-78.745596,-6.43028399999997,490,Cajamarca,Peru,2022/04/30 11:21:00+00,-6.430284,-78.745596,96030,0,4457,0,,,"Cajamarca, Peru"
-77.136042,-11.9546089999999,491,Callao,Peru,2022/04/30 11:21:00+00,-11.954609,-77.136042,146684,0,10499,0,,,"Callao, Peru"
-72.153609,-13.191068,492,Cusco,Peru,2022/04/30 11:21:00+00,-13.191068,-72.153609,116937,0,5172,0,,,"Cusco, Peru"
-75.0027699999999,-13.0238879999999,493,Huancavelica,Peru,2022/04/30 11:21:00+00,-13.023888,-75.00277,25810,0,1272,0,,,"Huancavelica, Peru"
-76.0406419999999,-9.42167599999993,494,Huanuco,Peru,2022/04/30 11:21:00+00,-9.421676,-76.040642,52132,0,2890,0,,,"Huanuco, Peru"
-75.574821,-14.2350969999999,495,Ica,Peru,2022/04/30 11:21:00+00,-14.235097,-75.574821,103748,0,8926,0,,,"Ica, Peru"
-74.876968,-11.541783,496,Junin,Peru,2022/04/30 11:21:00+00,-11.541783,-74.876968,126225,0,7477,0,,,"Junin, Peru"
-78.370238,-7.92138999999997,497,La Libertad,Peru,2022/04/30 11:21:00+00,-7.92139,-78.370238,146733,0,10945,0,,,"La Libertad, Peru"
-79.824113,-6.35304899999994,498,Lambayeque,Peru,2022/04/30 11:21:00+00,-6.353049,-79.824113,105602,0,9236,0,,,"Lambayeque, Peru"
-76.604498,-11.766533,499,Lima,Peru,2022/04/30 11:21:00+00,-11.766533,-76.604498,1612542,0,93076,0,,,"Lima, Peru"
-74.424115,-4.12484699999993,500,Loreto,Peru,2022/04/30 11:21:00+00,-4.124847,-74.424115,57950,0,4385,0,,,"Loreto, Peru"
-70.53172,-11.972699,501,Madre de Dios,Peru,2022/04/30 11:21:00+00,-11.972699,-70.53172,17841,0,852,0,,,"Madre de Dios, Peru"
-70.8390459999999,-16.860271,502,Moquegua,Peru,2022/04/30 11:21:00+00,-16.860271,-70.839046,48497,0,1622,0,,,"Moquegua, Peru"
-75.3076349999999,-10.3965499999999,503,Pasco,Peru,2022/04/30 11:21:00+00,-10.39655,-75.307635,23954,0,1103,0,,,"Pasco, Peru"
-80.335861,-5.13336099999998,504,Piura,Peru,2022/04/30 11:21:00+00,-5.133361,-80.335861,158542,0,13093,0,,,"Piura, Peru"
-69.922726,-14.995827,505,Puno,Peru,2022/04/30 11:21:00+00,-14.995827,-69.922726,65981,0,4764,0,,,"Puno, Peru"
-76.7291269999999,-7.03953099999995,506,San Martin,Peru,2022/04/30 11:21:00+00,-7.039531,-76.729127,61839,0,3162,0,,,"San Martin, Peru"
-70.2775599999999,-17.6441609999999,507,Tacna,Peru,2022/04/30 11:21:00+00,-17.644161,-70.27756,53744,0,2133,0,,,"Tacna, Peru"
-80.5452549999999,-3.85749599999997,508,Tumbes,Peru,2022/04/30 11:21:00+00,-3.857496,-80.545255,27567,0,1690,0,,,"Tumbes, Peru"
-73.4449289999999,-9.62171799999993,509,Ucayali,Peru,2022/04/30 11:21:00+00,-9.621718,-73.444929,39548,0,3248,0,,,"Ucayali, Peru"
,,510,Unknown,Peru,2022/04/30 11:21:00+00,,,3682,0,68,0,,,"Unknown, Peru"
121.774017,12.8797210000001,511,,Philippines,2022/04/30 11:21:00+00,12.879721,121.774017,3685643,0,60341,0,,,Philippines
19.1451000000001,51.9194000000001,512,,Poland,2022/04/30 11:21:00+00,51.9194,19.1451,5996514,0,116059,0,,,Poland
-8.22449999999998,39.3999000000001,513,,Portugal,2022/04/30 11:21:00+00,39.3999,-8.2245,3853800,0,22280,0,,,Portugal
51.1839000000001,25.3548000000001,514,,Qatar,2022/04/30 11:21:00+00,25.3548,51.1839,364560,0,677,0,,,Qatar
24.9668,45.9432,515,,Romania,2022/04/30 11:21:00+00,45.9432,24.9668,2893876,0,65486,0,,,Romania
40.1520421000001,44.6939006000001,516,Adygea Republic,Russia,2022/04/30 11:21:00+00,44.6939006,40.1520421,49168,0,996,0,,,"Adygea Republic, Russia"
82.6931424000001,52.6932243000001,517,Altai Krai,Russia,2022/04/30 11:21:00+00,52.6932243,82.6931424,266511,0,8597,0,,,"Altai Krai, Russia"
86.8572186000001,50.7114101000001,518,Altai Republic,Russia,2022/04/30 11:21:00+00,50.7114101,86.8572186,34123,0,612,0,,,"Altai Republic, Russia"
128.437295,52.8032368,519,Amur Oblast,Russia,2022/04/30 11:21:00+00,52.8032368,128.437295,106593,0,764,0,,,"Amur Oblast, Russia"
43.1221646000001,63.5589686000001,520,Arkhangelsk Oblast,Russia,2022/04/30 11:21:00+00,63.5589686,43.1221646,228507,0,1718,0,,,"Arkhangelsk Oblast, Russia"
47.6088510000001,47.1878186000001,521,Astrakhan Oblast,Russia,2022/04/30 11:21:00+00,47.1878186,47.608851,116063,0,2992,0,,,"Astrakhan Oblast, Russia"
57.1439682000001,54.8573563,522,Bashkortostan Republic,Russia,2022/04/30 11:21:00+00,54.8573563,57.1439682,285749,0,5618,0,,,"Bashkortostan Republic, Russia"
37.5837615,50.7080119,523,Belgorod Oblast,Russia,2022/04/30 11:21:00+00,50.7080119,37.5837615,129815,0,2227,0,,,"Belgorod Oblast, Russia"
33.415853,52.8873315000001,524,Bryansk Oblast,Russia,2022/04/30 11:21:00+00,52.8873315,33.415853,161054,0,3974,0,,,"Bryansk Oblast, Russia"
109.492143,52.7182426000001,525,Buryatia Republic,Russia,2022/04/30 11:21:00+00,52.7182426,109.492143,135932,0,3006,0,,,"Buryatia Republic, Russia"
45.6985005000001,43.3976147000001,526,Chechen Republic,Russia,2022/04/30 11:21:00+00,43.3976147,45.6985005,43423,0,1076,0,,,"Chechen Republic, Russia"
61.1865846000001,54.4223954,527,Chelyabinsk Oblast,Russia,2022/04/30 11:21:00+00,54.4223954,61.1865846,326278,0,7576,0,,,"Chelyabinsk Oblast, Russia"
169.4900869,66.0006475000001,528,Chukotka Autonomous Okrug,Russia,2022/04/30 11:21:00+00,66.0006475,169.4900869,5636,0,42,0,,,"Chukotka Autonomous Okrug, Russia"
47.0849429,55.4259922000001,529,Chuvashia Republic,Russia,2022/04/30 11:21:00+00,55.4259922,47.0849429,78635,0,4607,0,,,"Chuvashia Republic, Russia"
47.1332224000001,43.0574916,530,Dagestan Republic,Russia,2022/04/30 11:21:00+00,43.0574916,47.1332224,92944,0,3592,0,,,"Dagestan Republic, Russia"
45.0171355200001,43.1154207500001,531,Ingushetia Republic,Russia,2022/04/30 11:21:00+00,43.11542075,45.01713552,40710,0,549,0,,,"Ingushetia Republic, Russia"
104.719221,56.6370122000001,532,Irkutsk Oblast,Russia,2022/04/30 11:21:00+00,56.6370122,104.719221,291619,0,8416,0,,,"Irkutsk Oblast, Russia"
41.4352137000001,56.9167446000001,533,Ivanovo Oblast,Russia,2022/04/30 11:21:00+00,56.9167446,41.4352137,110360,0,3088,0,,,"Ivanovo Oblast, Russia"
132.6630746,48.57527615,534,Jewish Autonomous Okrug,Russia,2022/04/30 11:21:00+00,48.57527615,132.6630746,18595,0,540,0,,,"Jewish Autonomous Okrug, Russia"
43.5978976000001,43.4806048,535,Kabardino-Balkarian Republic,Russia,2022/04/30 11:21:00+00,43.4806048,43.5978976,61562,0,1862,0,,,"Kabardino-Balkarian Republic, Russia"
21.1489473,54.7293041,536,Kaliningrad Oblast,Russia,2022/04/30 11:21:00+00,54.7293041,21.1489473,167936,0,1898,0,,,"Kaliningrad Oblast, Russia"
45.3275745,46.2313018,537,Kalmykia Republic,Russia,2022/04/30 11:21:00+00,46.2313018,45.3275745,51131,0,839,0,,,"Kalmykia Republic, Russia"
35.5272854,54.4382773,538,Kaluga Oblast,Russia,2022/04/30 11:21:00+00,54.4382773,35.5272854,103112,0,1453,0,,,"Kaluga Oblast, Russia"
160.0383819,57.1914882,539,Kamchatka Krai,Russia,2022/04/30 11:21:00+00,57.1914882,160.0383819,39568,0,611,0,,,"Kamchatka Krai, Russia"
41.7267991000001,43.7368326000001,540,Karachay-Cherkess Republic,Russia,2022/04/30 11:21:00+00,43.7368326,41.7267991,45819,0,982,0,,,"Karachay-Cherkess Republic, Russia"
33.4920267000001,62.6194031000001,541,Karelia Republic,Russia,2022/04/30 11:21:00+00,62.6194031,33.4920267,134042,0,1496,0,,,"Karelia Republic, Russia"
87.3428610000001,54.5335781000001,542,Kemerovo Oblast,Russia,2022/04/30 11:21:00+00,54.5335781,87.342861,161587,0,2312,0,,,"Kemerovo Oblast, Russia"
136.121524,51.6312684000001,543,Khabarovsk Krai,Russia,2022/04/30 11:21:00+00,51.6312684,136.121524,200448,0,1536,0,,,"Khabarovsk Krai, Russia"
91.4429362700001,53.72258845,544,Khakassia Republic,Russia,2022/04/30 11:21:00+00,53.72258845,91.44293627,87422,0,2409,0,,,"Khakassia Republic, Russia"
69.0982628,61.0259025,545,Khanty-Mansi Autonomous Okrug,Russia,2022/04/30 11:21:00+00,61.0259025,69.0982628,209458,0,2539,0,,,"Khanty-Mansi Autonomous Okrug, Russia"
49.4074599,57.9665589000001,546,Kirov Oblast,Russia,2022/04/30 11:21:00+00,57.9665589,49.4074599,150841,0,1027,0,,,"Kirov Oblast, Russia"
54.3326073000001,63.9881421000001,547,Komi Republic,Russia,2022/04/30 11:21:00+00,63.9881421,54.3326073,170800,0,3139,0,,,"Komi Republic, Russia"
44.2533273000001,58.4247560000001,548,Kostroma Oblast,Russia,2022/04/30 11:21:00+00,58.424756,44.2533273,88403,0,1362,0,,,"Kostroma Oblast, Russia"
39.0261044000001,45.7684014000001,549,Krasnodar Krai,Russia,2022/04/30 11:21:00+00,45.7684014,39.0261044,258216,0,10852,0,,,"Krasnodar Krai, Russia"
97.0979974000001,63.3233807,550,Krasnoyarsk Krai,Russia,2022/04/30 11:21:00+00,63.3233807,97.0979974,364029,0,10777,0,,,"Krasnoyarsk Krai, Russia"
64.5632681000001,55.7655302000001,551,Kurgan Oblast,Russia,2022/04/30 11:21:00+00,55.7655302,64.5632681,103766,0,1415,0,,,"Kurgan Oblast, Russia"
36.4852695000001,51.6568453,552,Kursk Oblast,Russia,2022/04/30 11:21:00+00,51.6568453,36.4852695,117016,0,2456,0,,,"Kursk Oblast, Russia"
32.3925325000001,60.1853296,553,Leningrad Oblast,Russia,2022/04/30 11:21:00+00,60.1853296,32.3925325,185714,0,3471,0,,,"Leningrad Oblast, Russia"
39.1122664000001,52.6935178000001,554,Lipetsk Oblast,Russia,2022/04/30 11:21:00+00,52.6935178,39.1122664,149418,0,3705,0,,,"Lipetsk Oblast, Russia"
153.9903764,62.48858785,555,Magadan Oblast,Russia,2022/04/30 11:21:00+00,62.48858785,153.9903764,19759,0,389,0,,,"Magadan Oblast, Russia"
47.8817512000001,56.5767504,556,Mari El Republic,Russia,2022/04/30 11:21:00+00,56.5767504,47.8817512,44488,0,1086,0,,,"Mari El Republic, Russia"
44.4661144,54.4419829,557,Mordovia Republic,Russia,2022/04/30 11:21:00+00,54.4419829,44.4661144,67111,0,1376,0,,,"Mordovia Republic, Russia"
37.6174943,55.7504461,558,Moscow,Russia,2022/04/30 11:21:00+00,55.7504461,37.6174943,2760698,0,43243,0,,,"Moscow, Russia"
38.0353929,55.5043158,559,Moscow Oblast,Russia,2022/04/30 11:21:00+00,55.5043158,38.0353929,970355,0,15035,0,,,"Moscow Oblast, Russia"
33.9999151000001,68.0000418000001,560,Murmansk Oblast,Russia,2022/04/30 11:21:00+00,68.0000418,33.9999151,134245,0,3312,0,,,"Murmansk Oblast, Russia"
57.1686375,68.2755718500001,561,Nenets Autonomous Okrug,Russia,2022/04/30 11:21:00+00,68.27557185,57.1686375,7328,0,100,0,,,"Nenets Autonomous Okrug, Russia"
44.0911594,55.4718033,562,Nizhny Novgorod Oblast,Russia,2022/04/30 11:21:00+00,55.4718033,44.0911594,417114,0,11452,0,,,"Nizhny Novgorod Oblast, Russia"
44.6324493000001,42.7933611,563,North Ossetia - Alania Republic,Russia,2022/04/30 11:21:00+00,42.7933611,44.6324493,40709,0,1252,0,,,"North Ossetia - Alania Republic, Russia"
32.5169757,58.2843833000001,564,Novgorod Oblast,Russia,2022/04/30 11:21:00+00,58.2843833,32.5169757,99011,0,1017,0,,,"Novgorod Oblast, Russia"
79.4813924000001,54.9720169,565,Novosibirsk Oblast,Russia,2022/04/30 11:21:00+00,54.9720169,79.4813924,256194,0,5623,0,,,"Novosibirsk Oblast, Russia"
73.5099936,56.0935263000001,566,Omsk Oblast,Russia,2022/04/30 11:21:00+00,56.0935263,73.5099936,206199,0,4337,0,,,"Omsk Oblast, Russia"
36.0692477000001,52.9685433000001,567,Orel Oblast,Russia,2022/04/30 11:21:00+00,52.9685433,36.0692477,111562,0,1901,0,,,"Orel Oblast, Russia"
54.7276647,52.0269262,568,Orenburg Oblast,Russia,2022/04/30 11:21:00+00,52.0269262,54.7276647,215104,0,3967,0,,,"Orenburg Oblast, Russia"
44.7879181000001,53.1655415000001,569,Penza Oblast,Russia,2022/04/30 11:21:00+00,53.1655415,44.7879181,184609,0,5798,0,,,"Penza Oblast, Russia"
56.3159546000001,58.5951603,570,Perm Krai,Russia,2022/04/30 11:21:00+00,58.5951603,56.3159546,366789,0,8764,0,,,"Perm Krai, Russia"
134.726645,45.0819456,571,Primorsky Krai,Russia,2022/04/30 11:21:00+00,45.0819456,134.726645,173960,0,1946,0,,,"Primorsky Krai, Russia"
28.8586826000001,57.5358729000001,572,Pskov Oblast,Russia,2022/04/30 11:21:00+00,57.5358729,28.8586826,109504,0,1822,0,,,"Pskov Oblast, Russia"
40.7957942,47.6222451,573,Rostov Oblast,Russia,2022/04/30 11:21:00+00,47.6222451,40.7957942,372940,0,10876,0,,,"Rostov Oblast, Russia"
40.5705246000001,54.4226732000001,574,Ryazan Oblast,Russia,2022/04/30 11:21:00+00,54.4226732,40.5705246,119447,0,3359,0,,,"Ryazan Oblast, Russia"
30.1586551,59.9606739000001,575,Saint Petersburg,Russia,2022/04/30 11:21:00+00,59.9606739,30.1586551,1519338,0,33481,0,,,"Saint Petersburg, Russia"
129.642371,66.941626,576,Sakha (Yakutiya) Republic,Russia,2022/04/30 11:21:00+00,66.941626,129.642371,178329,0,2109,0,,,"Sakha (Yakutiya) Republic, Russia"
143.448533,49.7219665000001,577,Sakhalin Oblast,Russia,2022/04/30 11:21:00+00,49.7219665,143.448533,64632,0,826,0,,,"Sakhalin Oblast, Russia"
50.8914633000001,53.2128813,578,Samara Oblast,Russia,2022/04/30 11:21:00+00,53.2128813,50.8914633,381800,0,7800,0,,,"Samara Oblast, Russia"
46.8631952000001,51.6520555000001,579,Saratov Oblast,Russia,2022/04/30 11:21:00+00,51.6520555,46.8631952,248956,0,5943,0,,,"Saratov Oblast, Russia"
33.0192065000001,55.0343496,580,Smolensk Oblast,Russia,2022/04/30 11:21:00+00,55.0343496,33.0192065,130085,0,3030,0,,,"Smolensk Oblast, Russia"
43.4406913,44.8632577000001,581,Stavropol Krai,Russia,2022/04/30 11:21:00+00,44.8632577,43.4406913,196217,0,7021,0,,,"Stavropol Krai, Russia"
61.8021546000001,58.6414755000001,582,Sverdlovsk Oblast,Russia,2022/04/30 11:21:00+00,58.6414755,61.8021546,439958,0,10717,0,,,"Sverdlovsk Oblast, Russia"
41.3578918000001,52.9019574000001,583,Tambov Oblast,Russia,2022/04/30 11:21:00+00,52.9019574,41.3578918,115453,0,2386,0,,,"Tambov Oblast, Russia"
52.4310427300001,55.7648572000001,584,Tatarstan Republic,Russia,2022/04/30 11:21:00+00,55.7648572,52.43104273,144624,0,1977,0,,,"Tatarstan Republic, Russia"
82.0475315,58.6124279000001,585,Tomsk Oblast,Russia,2022/04/30 11:21:00+00,58.6124279,82.0475315,129887,0,824,0,,,"Tomsk Oblast, Russia"
37.3690909000001,53.9570701000001,586,Tula Oblast,Russia,2022/04/30 11:21:00+00,53.9570701,37.3690909,154567,0,5162,0,,,"Tula Oblast, Russia"
35.1744428000001,57.1134475000001,587,Tver Oblast,Russia,2022/04/30 11:21:00+00,57.1134475,35.1744428,160937,0,2722,0,,,"Tver Oblast, Russia"
70.3658837,58.8206488000001,588,Tyumen Oblast,Russia,2022/04/30 11:21:00+00,58.8206488,70.3658837,190669,0,4295,0,,,"Tyumen Oblast, Russia"
93.8582593,51.4017149000001,589,Tyva Republic,Russia,2022/04/30 11:21:00+00,51.4017149,93.8582593,44419,0,351,0,,,"Tyva Republic, Russia"
52.6959832000001,57.1961165000001,590,Udmurt Republic,Russia,2022/04/30 11:21:00+00,57.1961165,52.6959832,165802,0,3819,0,,,"Udmurt Republic, Russia"
47.2324921000001,54.1463177000001,591,Ulyanovsk Oblast,Russia,2022/04/30 11:21:00+00,54.1463177,47.2324921,201685,0,4640,0,,,"Ulyanovsk Oblast, Russia"
40.6561633000001,56.0503336,592,Vladimir Oblast,Russia,2022/04/30 11:21:00+00,56.0503336,40.6561633,150550,0,3437,0,,,"Vladimir Oblast, Russia"
44.2903582000001,49.6048339000001,593,Volgograd Oblast,Russia,2022/04/30 11:21:00+00,49.6048339,44.2903582,216575,0,6844,0,,,"Volgograd Oblast, Russia"
43.1215213,60.0391461,594,Vologda Oblast,Russia,2022/04/30 11:21:00+00,60.0391461,43.1215213,189220,0,3783,0,,,"Vologda Oblast, Russia"
40.1506507,50.9800393,595,Voronezh Oblast,Russia,2022/04/30 11:21:00+00,50.9800393,40.1506507,380343,0,8230,0,,,"Voronezh Oblast, Russia"
74.3415488000001,67.1471631000001,596,Yamalo-Nenets Autonomous Okrug,Russia,2022/04/30 11:21:00+00,67.1471631,74.3415488,136592,0,1040,0,,,"Yamalo-Nenets Autonomous Okrug, Russia"
39.0021095000001,57.7781976000001,597,Yaroslavl Oblast,Russia,2022/04/30 11:21:00+00,57.7781976,39.0021095,159353,0,2760,0,,,"Yaroslavl Oblast, Russia"
115.956325,52.248521,598,Zabaykalsky Krai,Russia,2022/04/30 11:21:00+00,52.248521,115.956325,168071,0,2336,0,,,"Zabaykalsky Krai, Russia"
29.8739,-1.94029999999998,599,,Rwanda,2022/04/30 11:21:00+00,-1.9403,29.8739,129799,0,1459,0,,,Rwanda
-62.782998,17.3578220000001,600,,Saint Kitts and Nevis,2022/04/30 11:21:00+00,17.357822,-62.782998,5562,0,43,0,,,Saint Kitts and Nevis
-60.9789,13.9094000000001,601,,Saint Lucia,2022/04/30 11:21:00+00,13.9094,-60.9789,23394,0,368,0,,,Saint Lucia
-61.2872,12.9843000000001,602,,Saint Vincent and the Grenadines,2022/04/30 11:21:00+00,12.9843,-61.2872,8419,0,106,0,,,Saint Vincent and the Grenadines
-172.1046,-13.759,603,,Samoa,2022/04/30 11:21:00+00,-13.759,-172.1046,9592,0,19,0,,,Samoa
12.4578000000001,43.9424000000001,604,,San Marino,2022/04/30 11:21:00+00,43.9424,12.4578,16437,0,115,0,,,San Marino
6.61310000000003,0.1864,605,,Sao Tome and Principe,2022/04/30 11:21:00+00,0.1864,6.6131,5957,0,73,0,,,Sao Tome and Principe
45.0791620000001,23.8859420000001,606,,Saudi Arabia,2022/04/30 11:21:00+00,23.885942,45.079162,754011,0,9088,0,,,Saudi Arabia
-14.4524,14.4974,607,,Senegal,2022/04/30 11:21:00+00,14.4974,-14.4524,85995,0,1967,0,,,Senegal
21.0059000000001,44.0165000000001,608,,Serbia,2022/04/30 11:21:00+00,44.0165,21.0059,2005832,0,15984,0,,,Serbia
55.4920000000001,-4.67959999999994,609,,Seychelles,2022/04/30 11:21:00+00,-4.6796,55.492,42502,0,166,0,,,Seychelles
-11.779889,8.46055500000006,610,,Sierra Leone,2022/04/30 11:21:00+00,8.460555,-11.779889,7681,0,125,0,,,Sierra Leone
103.8333,1.28330000000005,611,,Singapore,2022/04/30 11:21:00+00,1.2833,103.8333,1193250,0,1334,0,,,Singapore
19.6990000000001,48.669,612,,Slovakia,2022/04/30 11:21:00+00,48.669,19.699,2528216,0,19879,0,,,Slovakia
14.9955000000001,46.1512000000001,613,,Slovenia,2022/04/30 11:21:00+00,46.1512,14.9955,1009085,0,6592,0,,,Slovenia
160.1562,-9.64569999999998,614,,Solomon Islands,2022/04/30 11:21:00+00,-9.6457,160.1562,14786,0,141,0,,,Solomon Islands
46.199616,5.15214900000007,615,,Somalia,2022/04/30 11:21:00+00,5.152149,46.199616,26485,0,1361,0,,,Somalia
22.9375000000001,-30.5595,616,,South Africa,2022/04/30 11:21:00+00,-30.5595,22.9375,3785398,0,100360,0,,,South Africa
31.3070000000001,6.87700000000007,617,,South Sudan,2022/04/30 11:21:00+00,6.877,31.307,17461,0,138,0,,,South Sudan
-4.72779999999995,37.5443000000001,618,Andalusia,Spain,2022/04/30 11:21:00+00,37.5443,-4.7278,1435563,0,13411,0,,,"Andalusia, Spain"
-0.9057,41.5976000000001,619,Aragon,Spain,2022/04/30 11:21:00+00,41.5976,-0.9057,414860,0,4689,0,,,"Aragon, Spain"
-5.85929999999996,43.3614000000001,620,Asturias,Spain,2022/04/30 11:21:00+00,43.3614,-5.8593,217881,0,2688,0,,,"Asturias, Spain"
2.99514800000003,39.710358,621,Baleares,Spain,2022/04/30 11:21:00+00,39.710358,2.995148,280822,0,1313,0,,,"Baleares, Spain"
-0.7533,39.484,622,C. Valenciana,Spain,2022/04/30 11:21:00+00,39.484,-0.7533,1386486,0,9238,0,,,"C. Valenciana, Spain"
-16.6290999999999,28.2916000000001,623,Canarias,Spain,2022/04/30 11:21:00+00,28.2916,-16.6291,350502,0,1703,0,,,"Canarias, Spain"
-3.98779999999994,43.1828,624,Cantabria,Spain,2022/04/30 11:21:00+00,43.1828,-3.9878,134541,0,806,0,,,"Cantabria, Spain"
-3.09769999999997,39.2796000000001,625,Castilla - La Mancha,Spain,2022/04/30 11:21:00+00,39.2796,-3.0977,500352,0,7196,0,,,"Castilla - La Mancha, Spain"
-4.39759999999995,41.8357,626,Castilla y Leon,Spain,2022/04/30 11:21:00+00,41.8357,-4.3976,710363,0,8472,0,,,"Castilla y Leon, Spain"
1.52090000000004,41.5912000000001,627,Catalonia,Spain,2022/04/30 11:21:00+00,41.5912,1.5209,2397464,0,18966,0,,,"Catalonia, Spain"
-5.32129999999995,35.8894000000001,628,Ceuta,Spain,2022/04/30 11:21:00+00,35.8894,-5.3213,20413,0,148,0,,,"Ceuta, Spain"
-6.06789999999995,39.4937,629,Extremadura,Spain,2022/04/30 11:21:00+00,39.4937,-6.0679,259972,0,2317,0,,,"Extremadura, Spain"
-8.13389999999993,42.5751000000001,630,Galicia,Spain,2022/04/30 11:21:00+00,42.5751,-8.1339,614524,0,3314,0,,,"Galicia, Spain"
-2.53959999999995,42.2871000000001,631,La Rioja,Spain,2022/04/30 11:21:00+00,42.2871,-2.5396,95335,0,920,0,,,"La Rioja, Spain"
-3.70379999999994,40.4168000000001,632,Madrid,Spain,2022/04/30 11:21:00+00,40.4168,-3.7038,1661904,0,18498,0,,,"Madrid, Spain"
-2.93809999999996,35.2923000000001,633,Melilla,Spain,2022/04/30 11:21:00+00,35.2923,-2.9381,20968,0,154,0,,,"Melilla, Spain"
-1.13069999999993,37.9922,634,Murcia,Spain,2022/04/30 11:21:00+00,37.9922,-1.1307,406792,0,2243,0,,,"Murcia, Spain"
-1.67609999999996,42.6954000000001,635,Navarra,Spain,2022/04/30 11:21:00+00,42.6954,-1.6761,238893,0,1534,0,,,"Navarra, Spain"
-2.61889999999994,42.9896000000001,636,Pais Vasco,Spain,2022/04/30 11:21:00+00,42.9896,-2.6189,685822,0,6617,0,,,"Pais Vasco, Spain"
,,637,Unknown,Spain,2021/04/25 23:20:49+00,,,0,0,0,0,,,"Unknown, Spain"
80.771797,7.87305400000002,638,,Sri Lanka,2022/04/30 11:21:00+00,7.873054,80.771797,663329,0,16504,0,,,Sri Lanka
30.2176000000001,12.8628000000001,639,,Sudan,2022/04/30 11:21:00+00,12.8628,30.2176,62117,0,4931,0,,,Sudan
139.7737,35.6491,640,,Summer Olympics 2020,2022/04/30 11:21:00+00,35.6491,139.7737,865,0,0,0,,,Summer Olympics 2020
-56.0278,3.91930000000002,641,,Suriname,2022/04/30 11:21:00+00,3.9193,-56.0278,79336,0,1328,0,,,Suriname
15.018,56.2784,642,Blekinge,Sweden,2022/04/30 11:21:00+00,56.2784,15.018,29605,0,163,0,,,"Blekinge, Sweden"
14.6664000000001,61.0917000000001,643,Dalarna,Sweden,2022/04/30 11:21:00+00,61.0917,14.6664,69613,0,474,0,,,"Dalarna, Sweden"
16.1534,61.3012000000001,644,Gavleborg,Sweden,2022/04/30 11:21:00+00,61.3012,16.1534,73703,0,694,0,,,"Gavleborg, Sweden"
18.4867,57.4684,645,Gotland,Sweden,2022/04/30 11:21:00+00,57.4684,18.4867,11417,0,70,0,,,"Gotland, Sweden"
12.8034000000001,56.8967000000001,646,Halland,Sweden,2022/04/30 11:21:00+00,56.8967,12.8034,104620,0,445,0,,,"Halland, Sweden"
14.9592000000001,63.1712000000001,647,Jamtland Harjedalen,Sweden,2022/04/30 11:21:00+00,63.1712,14.9592,32732,0,168,0,,,"Jamtland Harjedalen, Sweden"
14.3439000000001,57.3708,648,Jonkoping,Sweden,2022/04/30 11:21:00+00,57.3708,14.3439,86290,0,683,0,,,"Jonkoping, Sweden"
16.1849,57.2350000000001,649,Kalmar,Sweden,2022/04/30 11:21:00+00,57.235,16.1849,60054,0,353,0,,,"Kalmar, Sweden"
14.4115,56.7183000000001,650,Kronoberg,Sweden,2022/04/30 11:21:00+00,56.7183,14.4115,49415,0,381,0,,,"Kronoberg, Sweden"
20.3992000000001,66.8309,651,Norrbotten,Sweden,2022/04/30 11:21:00+00,66.8309,20.3992,48756,0,403,0,,,"Norrbotten, Sweden"
15.0066,59.5350000000001,652,Orebro,Sweden,2022/04/30 11:21:00+00,59.535,15.0066,92615,0,461,0,,,"Orebro, Sweden"
15.5198,58.3454,653,Ostergotland,Sweden,2022/04/30 11:21:00+00,58.3454,15.5198,94867,0,813,0,,,"Ostergotland, Sweden"
13.5958000000001,55.9903,654,Skane,Sweden,2022/04/30 11:21:00+00,55.9903,13.5958,337657,0,2375,0,,,"Skane, Sweden"
16.7519,59.0336,655,Sormland,Sweden,2022/04/30 11:21:00+00,59.0336,16.7519,63649,0,583,0,,,"Sormland, Sweden"
18.1384,59.6025000000001,656,Stockholm,Sweden,2022/04/30 11:21:00+00,59.6025,18.1384,571857,0,5226,0,,,"Stockholm, Sweden"
17.2715000000001,60.0092000000001,657,Uppsala,Sweden,2022/04/30 11:21:00+00,60.0092,17.2715,89423,0,680,0,,,"Uppsala, Sweden"
13.2354,59.7294000000001,658,Varmland,Sweden,2022/04/30 11:21:00+00,59.7294,13.2354,65289,0,342,0,,,"Varmland, Sweden"
16.5162,65.3337000000001,659,Vasterbotten,Sweden,2022/04/30 11:21:00+00,65.3337,16.5162,56486,0,321,0,,,"Vasterbotten, Sweden"
17.7292,63.4276,660,Vasternorrland,Sweden,2022/04/30 11:21:00+00,63.4276,17.7292,53447,0,599,0,,,"Vasternorrland, Sweden"
16.2159,59.6714000000001,661,Vastmanland,Sweden,2022/04/30 11:21:00+00,59.6714,16.2159,75717,0,482,0,,,"Vastmanland, Sweden"
13.0596,58.2528,662,Vastra Gotaland,Sweden,2022/04/30 11:21:00+00,58.2528,13.0596,433705,0,3056,0,,,"Vastra Gotaland, Sweden"
8.22750000000002,46.8182,663,,Switzerland,2022/04/30 11:21:00+00,46.8182,8.2275,3619598,0,13712,0,,,Switzerland
38.996815,34.8020750000001,664,,Syria,2022/04/30 11:21:00+00,34.802075,38.996815,55813,0,3150,0,,,Syria
121.0,23.7,665,,Taiwan*,2022/04/30 11:21:00+00,23.7,121,100753,0,862,0,,,Taiwan*
71.2761,38.861,666,,Tajikistan,2022/04/30 11:21:00+00,38.861,71.2761,17786,0,125,0,,,Tajikistan
34.8888220000001,-6.36902799999996,667,,Tanzania,2022/04/30 11:21:00+00,-6.369028,34.888822,33872,0,803,0,,,Tanzania
100.992541,15.870032,668,,Thailand,2022/04/30 11:21:00+00,15.870032,100.992541,4250949,0,28526,0,,,Thailand
125.727539,-8.87421699999993,669,,Timor-Leste,2022/04/30 11:21:00+00,-8.874217,125.727539,22865,0,130,0,,,Timor-Leste
0.8248,8.61950000000007,670,,Togo,2022/04/30 11:21:00+00,8.6195,0.8248,36985,0,273,0,,,Togo
-175.1982,-21.179,671,,Tonga,2022/04/30 11:21:00+00,-21.179,-175.1982,10196,0,11,0,,,Tonga
-61.2225,10.6918000000001,672,,Trinidad and Tobago,2022/04/30 11:21:00+00,10.6918,-61.2225,147450,0,3824,0,,,Trinidad and Tobago
9.53749900000003,33.886917,673,,Tunisia,2022/04/30 11:21:00+00,33.886917,9.537499,1040193,0,28550,0,,,Tunisia
35.2433,38.9637000000001,674,,Turkey,2022/04/30 11:21:00+00,38.9637,35.2433,15030321,0,98760,0,,,Turkey
32.2902750000001,1.37333300000006,675,,Uganda,2022/04/30 11:21:00+00,1.373333,32.290275,164084,0,3597,0,,,Uganda
32.0598000000001,49.4444,676,Cherkasy Oblast,Ukraine,2022/03/01 23:21:04+00,49.4444,32.0598,163768,0,2973,0,,,"Cherkasy Oblast, Ukraine"
31.2893,51.4982000000001,677,Chernihiv Oblast,Ukraine,2022/03/01 23:21:04+00,51.4982,31.2893,126202,0,2751,0,,,"Chernihiv Oblast, Ukraine"
25.9352000000001,48.2917,678,Chernivtsi Oblast,Ukraine,2022/03/01 23:21:04+00,48.2917,25.9352,150465,0,3290,0,,,"Chernivtsi Oblast, Ukraine"
34.2008000000001,45.2835000000001,679,Crimea Republic*,Ukraine,2022/03/01 23:21:04+00,45.2835,34.2008,157596,0,4866,0,,,"Crimea Republic*, Ukraine"
35.0462000000001,48.4647000000001,680,Dnipropetrovsk Oblast,Ukraine,2022/03/01 23:21:04+00,48.4647,35.0462,303551,0,9454,0,,,"Dnipropetrovsk Oblast, Ukraine"
37.8028,48.0159,681,Donetsk Oblast,Ukraine,2022/03/01 23:21:04+00,48.0159,37.8028,216052,0,5607,0,,,"Donetsk Oblast, Ukraine"
24.7111,48.9226,682,Ivano-Frankivsk Oblast,Ukraine,2022/03/01 23:21:04+00,48.9226,24.7111,181629,0,3476,0,,,"Ivano-Frankivsk Oblast, Ukraine"
36.2304,49.9935,683,Kharkiv Oblast,Ukraine,2022/03/01 23:21:04+00,49.9935,36.2304,305661,0,6858,0,,,"Kharkiv Oblast, Ukraine"
32.6169,46.6354000000001,684,Kherson Oblast,Ukraine,2022/03/01 23:21:04+00,46.6354,32.6169,107686,0,2881,0,,,"Kherson Oblast, Ukraine"
26.9871000000001,49.4230000000001,685,Khmelnytskyi Oblast,Ukraine,2022/03/01 23:21:04+00,49.423,26.9871,201270,0,3703,0,,,"Khmelnytskyi Oblast, Ukraine"
30.5234,50.4501000000001,686,Kiev,Ukraine,2022/03/01 23:21:04+00,50.4501,30.5234,445098,0,8966,0,,,"Kiev, Ukraine"
30.7667000000001,50.0530000000001,687,Kiev Oblast,Ukraine,2022/03/01 23:21:04+00,50.053,30.7667,226220,0,5019,0,,,"Kiev Oblast, Ukraine"
32.2623,48.5079000000001,688,Kirovohrad Oblast,Ukraine,2022/03/01 23:21:04+00,48.5079,32.2623,45117,0,1741,0,,,"Kirovohrad Oblast, Ukraine"
39.3078,48.5740000000001,689,Luhansk Oblast,Ukraine,2022/03/01 23:21:04+00,48.574,39.3078,80033,0,2392,0,,,"Luhansk Oblast, Ukraine"
24.0297,49.8397000000001,690,Lviv Oblast,Ukraine,2022/03/01 23:21:04+00,49.8397,24.0297,303357,0,6569,0,,,"Lviv Oblast, Ukraine"
31.9946,46.9750000000001,691,Mykolaiv Oblast,Ukraine,2022/03/01 23:21:04+00,46.975,31.9946,146174,0,3530,0,,,"Mykolaiv Oblast, Ukraine"
30.7326,46.4846000000001,692,Odessa Oblast,Ukraine,2022/03/01 23:21:04+00,46.4846,30.7326,325462,0,5917,0,,,"Odessa Oblast, Ukraine"
34.5514000000001,49.5883000000001,693,Poltava Oblast,Ukraine,2022/03/01 23:21:04+00,49.5883,34.5514,179994,0,4181,0,,,"Poltava Oblast, Ukraine"
26.2516000000001,50.6199,694,Rivne Oblast,Ukraine,2022/03/01 23:21:04+00,50.6199,26.2516,171031,0,2530,0,,,"Rivne Oblast, Ukraine"
33.522,44.6054,695,Sevastopol*,Ukraine,2022/03/01 23:21:04+00,44.6054,33.522,73298,0,2088,0,,,"Sevastopol*, Ukraine"
34.7981,50.9077,696,Sumy Oblast,Ukraine,2022/03/01 23:21:04+00,50.9077,34.7981,182268,0,3208,0,,,"Sumy Oblast, Ukraine"
25.5948000000001,49.5535,697,Ternopil Oblast,Ukraine,2022/03/01 23:21:04+00,49.5535,25.5948,146363,0,2391,0,,,"Ternopil Oblast, Ukraine"
28.4682,49.2331,698,Vinnytsia Oblast,Ukraine,2022/03/01 23:21:04+00,49.2331,28.4682,149845,0,3546,0,,,"Vinnytsia Oblast, Ukraine"
25.3254000000001,50.7472000000001,699,Volyn Oblast,Ukraine,2022/03/01 23:21:04+00,50.7472,25.3254,132045,0,2394,0,,,"Volyn Oblast, Ukraine"
22.2879,48.6208,700,Zakarpattia Oblast,Ukraine,2022/03/01 23:21:04+00,48.6208,22.2879,112462,0,2724,0,,,"Zakarpattia Oblast, Ukraine"
35.1396,47.8388,701,Zaporizhia Oblast,Ukraine,2022/03/01 23:21:04+00,47.8388,35.1396,215070,0,5866,0,,,"Zaporizhia Oblast, Ukraine"
28.6587000000001,50.2547000000001,702,Zhytomyr Oblast,Ukraine,2022/03/01 23:21:04+00,50.2547,28.6587,192801,0,3538,0,,,"Zhytomyr Oblast, Ukraine"
53.8478180000001,23.4240760000001,703,,United Arab Emirates,2022/04/30 11:21:00+00,23.424076,53.847818,898571,0,2302,0,,,United Arab Emirates
-63.0685999999999,18.2206,704,Anguilla,United Kingdom,2022/04/30 11:21:00+00,18.2206,-63.0686,2788,0,9,0,,,"Anguilla, United Kingdom"
-64.7505,32.3078,705,Bermuda,United Kingdom,2022/04/30 11:21:00+00,32.3078,-64.7505,13488,0,131,0,,,"Bermuda, United Kingdom"
-64.64,18.4207000000001,706,British Virgin Islands,United Kingdom,2022/04/30 11:21:00+00,18.4207,-64.64,6355,0,62,0,,,"British Virgin Islands, United Kingdom"
-81.2546,19.3133,707,Cayman Islands,United Kingdom,2022/04/30 11:21:00+00,19.3133,-81.2546,22223,0,27,0,,,"Cayman Islands, United Kingdom"
-2.36439999999993,49.3723000000001,708,Channel Islands,United Kingdom,2022/04/30 11:21:00+00,49.3723,-2.3644,0,0,0,0,,,"Channel Islands, United Kingdom"
-1.17429999999996,52.3555000000001,709,England,United Kingdom,2022/04/30 11:21:00+00,52.3555,-1.1743,18536477,0,152066,0,,,"England, United Kingdom"
-59.5236,-51.7963,710,Falkland Islands (Malvinas),United Kingdom,2022/04/30 11:21:00+00,-51.7963,-59.5236,177,0,0,0,,,"Falkland Islands (Malvinas), United Kingdom"
-5.35359999999997,36.1408000000001,711,Gibraltar,United Kingdom,2022/04/30 11:21:00+00,36.1408,-5.3536,17837,0,102,0,,,"Gibraltar, United Kingdom"
-2.58948999999996,49.4481960000001,712,Guernsey,United Kingdom,2022/04/30 11:21:00+00,49.448196,-2.58949,24573,0,43,0,,,"Guernsey, United Kingdom"
-4.54809999999998,54.2361000000001,713,Isle of Man,United Kingdom,2022/04/30 11:21:00+00,54.2361,-4.5481,32205,0,102,0,,,"Isle of Man, United Kingdom"
-2.13579999999996,49.2138,714,Jersey,United Kingdom,2022/04/30 11:21:00+00,49.2138,-2.1358,49778,0,126,0,,,"Jersey, United Kingdom"
-62.1873659999999,16.7424980000001,715,Montserrat,United Kingdom,2022/04/30 11:21:00+00,16.742498,-62.187366,216,0,2,0,,,"Montserrat, United Kingdom"
-6.49229999999994,54.7877,716,Northern Ireland,United Kingdom,2022/04/30 11:21:00+00,54.7877,-6.4923,707319,0,3417,0,,,"Northern Ireland, United Kingdom"
-14.3559,-7.94669999999996,717,"Saint Helena, Ascension and Tristan da Cunha",United Kingdom,2022/04/30 11:21:00+00,-7.9467,-14.3559,4,0,0,0,,,"Saint Helena, Ascension and Tristan da Cunha, United Kingdom"
-4.20259999999996,56.4907000000001,718,Scotland,United Kingdom,2022/04/30 11:21:00+00,56.4907,-4.2026,1922160,0,12058,0,,,"Scotland, United Kingdom"
-71.7979,21.6940000000001,719,Turks and Caicos Islands,United Kingdom,2022/04/30 11:21:00+00,21.694,-71.7979,5963,0,36,0,,,"Turks and Caicos Islands, United Kingdom"
,,720,Unknown,United Kingdom,2022/04/30 11:21:00+00,,,0,0,0,0,,,"Unknown, United Kingdom"
-3.78369999999995,52.1307,721,Wales,United Kingdom,2022/04/30 11:21:00+00,52.1307,-3.7837,872384,0,7371,0,,,"Wales, United Kingdom"
-55.7658,-32.5228,722,,Uruguay,2022/04/30 11:21:00+00,-32.5228,-55.7658,897867,0,7203,0,,,Uruguay
64.5852620000001,41.3774910000001,723,,Uzbekistan,2022/04/30 11:21:00+00,41.377491,64.585262,238596,0,1637,0,,,Uzbekistan
166.9592,-15.3767,724,,Vanuatu,2022/04/30 11:21:00+00,-15.3767,166.9592,7330,0,13,0,,,Vanuatu
-66.5896999999999,6.42380000000003,725,,Venezuela,2022/04/30 11:21:00+00,6.4238,-66.5897,522305,0,5708,0,,,Venezuela
108.277199,14.058324,726,,Vietnam,2022/04/30 11:21:00+00,14.058324,108.277199,10644700,0,43038,0,,,Vietnam
35.2332000000001,31.9522000000001,727,,West Bank and Gaza,2022/04/30 11:21:00+00,31.9522,35.2332,657060,0,5657,0,,,West Bank and Gaza
116.4074,39.9042000000001,728,,Winter Olympics 2022,2022/04/30 11:21:00+00,39.9042,116.4074,535,0,0,0,,,Winter Olympics 2022
48.5163880000001,15.5527270000001,729,,Yemen,2022/04/30 11:21:00+00,15.552727,48.516388,11818,0,2149,0,,,Yemen
27.8493320000001,-13.1338969999999,730,,Zambia,2022/04/30 11:21:00+00,-13.133897,27.849332,319594,0,3976,0,,,Zambia
29.1548570000001,-19.015438,731,,Zimbabwe,2022/04/30 11:21:00+00,-19.015438,29.154857,247842,0,5469,0,,,Zimbabwe
-89.6786959999999,32.7416460000001,732,Mississippi,US,2022/04/30 11:21:00+00,32.741646,-89.678696,797575,0,12444,0,,28,"Mississippi, US"
-122.665479,37.64894,733,Grand Princess,US,2020/08/04 02:27:56+00,37.64894,-122.665479,103,0,3,0,,,"Grand Princess, US"
-96.928917,35.565342,734,Oklahoma,US,2022/04/30 11:21:00+00,35.565342,-96.928917,1040416,0,15897,0,,40,"Oklahoma, US"
-75.5071409999999,39.318523,735,Delaware,US,2022/04/30 11:21:00+00,39.318523,-75.507141,262461,0,2907,0,,10,"Delaware, US"
-93.9001919999999,45.6944540000001,736,Minnesota,US,2022/04/30 11:21:00+00,45.694454,-93.900192,1452547,0,12778,0,,27,"Minnesota, US"
-88.986137,40.349457,737,Illinois,US,2022/04/30 11:21:00+00,40.349457,-88.986137,3138682,0,36047,0,,17,"Illinois, US"
-92.373123,34.969704,738,Arkansas,US,2022/04/30 11:21:00+00,34.969704,-92.373123,835737,0,11385,0,,05,"Arkansas, US"
-106.248482,34.840515,739,New Mexico,US,2022/04/30 11:21:00+00,34.840515,-106.248482,522329,0,7499,0,,35,"New Mexico, US"
-86.258278,39.8494260000001,740,Indiana,US,2022/04/30 11:21:00+00,39.849426,-86.258278,1702292,0,23587,0,,18,"Indiana, US"
-91.867805,31.169546,741,Louisiana,US,2022/04/30 11:21:00+00,31.169546,-91.867805,1173297,0,17248,0,,22,"Louisiana, US"
-97.563461,31.0544870000001,742,Texas,US,2022/04/30 11:21:00+00,31.054487,-97.563461,6823337,0,88094,0,,48,"Texas, US"
-89.616508,44.2685430000001,743,Wisconsin,US,2022/04/30 11:21:00+00,44.268543,-89.616508,1610601,0,14413,0,,55,"Wisconsin, US"
-96.726486,38.5266,744,Kansas,US,2022/04/30 11:21:00+00,38.5266,-96.726486,776481,0,8635,0,,20,"Kansas, US"
0.0,0.0,745,Recovered,US,2022/04/30 11:21:00+00,0,0,0,0,0,0,,,"Recovered, US"
-170.132,-14.271,746,American Samoa,US,2022/04/30 11:21:00+00,-14.271,-170.132,5822,0,26,0,,,"American Samoa, US"
-72.755371,41.5977820000001,747,Connecticut,US,2022/04/30 11:21:00+00,41.597782,-72.755371,758281,0,10850,0,,09,"Connecticut, US"
-64.8962999999999,18.3358000000001,748,Virgin Islands,US,2022/04/30 11:21:00+00,18.3358,-64.8963,16306,0,111,0,,,"Virgin Islands, US"
-119.681564,36.116203,749,California,US,2022/04/30 11:21:00+00,36.116203,-119.681564,9236835,0,90329,0,,06,"California, US"
-66.5901,18.2208000000001,750,Puerto Rico,US,2022/04/30 11:21:00+00,18.2208,-66.5901,532535,0,4201,0,,72,"Puerto Rico, US"
-83.643074,33.040619,751,Georgia,US,2022/04/30 11:21:00+00,33.040619,-83.643074,2515139,0,37806,0,,13,"Georgia, US"
-99.784012,47.528912,752,North Dakota,US,2022/04/30 11:21:00+00,47.528912,-99.784012,241127,0,2268,0,,38,"North Dakota, US"
-77.209755,40.5907520000001,753,Pennsylvania,US,2022/04/30 11:21:00+00,40.590752,-77.209755,2817766,0,44663,0,,42,"Pennsylvania, US"
-80.9544529999999,38.491226,754,West Virginia,US,2022/04/30 11:21:00+00,38.491226,-80.954453,501204,0,6856,0,,54,"West Virginia, US"
-152.404419,61.3707160000001,755,Alaska,US,2022/04/30 11:21:00+00,61.370716,-152.404419,253002,0,1252,0,,02,"Alaska, US"
-86.692345,35.747845,756,Tennessee,US,2022/04/30 11:21:00+00,35.747845,-86.692345,2027967,0,26154,0,,47,"Tennessee, US"
-64.9329999999999,18.35,757,United States Virgin Islands,US,,18.35,-64.933,0,0,0,0,,,"United States Virgin Islands, US"
-92.288368,38.456085,758,Missouri,US,2022/04/30 11:21:00+00,38.456085,-92.288368,1421350,0,20211,0,,29,"Missouri, US"
-99.4388279999999,44.2997820000001,759,South Dakota,US,2022/04/30 11:21:00+00,44.299782,-99.438828,237812,0,2912,0,,46,"South Dakota, US"
-105.311104,39.059811,760,Colorado,US,2022/04/30 11:21:00+00,39.059811,-105.311104,1383024,0,12150,0,,08,"Colorado, US"
-74.521011,40.2989040000001,761,New Jersey,US,2022/04/30 11:21:00+00,40.298904,-74.521011,2258440,0,33425,0,,34,"New Jersey, US"
144.7937,13.4443000000001,762,Guam,US,2022/04/30 11:21:00+00,13.4443,144.7937,48137,0,354,0,,,"Guam, US"
-121.490494,47.400902,763,Washington,US,2022/04/30 11:21:00+00,47.400902,-121.490494,1498116,0,12703,0,,53,"Washington, US"
-74.948051,42.1657260000001,764,New York,US,2022/04/30 11:21:00+00,42.165726,-74.948051,5161440,0,68324,0,,36,"New York, US"
-117.055374,38.3135150000001,765,Nevada,US,2022/04/30 11:21:00+00,38.313515,-117.055374,712287,0,10752,0,,32,"Nevada, US"
145.6739,15.0979,766,Northern Mariana Islands,US,2022/04/30 11:21:00+00,15.0979,145.6739,11263,0,34,0,,,"Northern Mariana Islands, US"
139.638,35.4437,767,Diamond Princess,US,2020/08/04 02:27:56+00,35.4437,139.638,49,0,0,0,,,"Diamond Princess, US"
-76.8021009999999,39.063946,768,Maryland,US,2022/04/30 11:21:00+00,39.063946,-76.802101,1031533,0,14456,0,,24,"Maryland, US"
-114.478828,44.240459,769,Idaho,US,2022/04/30 11:21:00+00,44.240459,-114.478828,446040,0,4927,0,,16,"Idaho, US"
-107.30249,42.7559660000001,770,Wyoming,US,2022/04/30 11:21:00+00,42.755966,-107.30249,156550,0,1812,0,,56,"Wyoming, US"
-111.431221,33.7297590000001,771,Arizona,US,2022/04/30 11:21:00+00,33.729759,-111.431221,2021524,0,29951,0,,04,"Arizona, US"
-93.210526,42.011539,772,Iowa,US,2022/04/30 11:21:00+00,42.011539,-93.210526,763188,0,9529,0,,19,"Iowa, US"
-84.536095,43.3266180000001,773,Michigan,US,2022/04/30 11:21:00+00,43.326618,-84.536095,2425946,0,36002,0,,26,"Michigan, US"
-111.862434,40.1500320000001,774,Utah,US,2022/04/30 11:21:00+00,40.150032,-111.862434,932253,0,4747,0,,49,"Utah, US"
-78.169968,37.7693370000001,775,Virginia,US,2022/04/30 11:21:00+00,37.769337,-78.169968,1701458,0,20236,0,,51,"Virginia, US"
-122.070938,44.5720210000001,776,Oregon,US,2022/04/30 11:21:00+00,44.572021,-122.070938,721311,0,7502,0,,41,"Oregon, US"
-110.454353,46.921925,777,Montana,US,2022/04/30 11:21:00+00,46.921925,-110.454353,273982,0,3360,0,,30,"Montana, US"
-71.5638959999999,43.4524920000001,778,New Hampshire,US,2022/04/30 11:21:00+00,43.452492,-71.563896,309982,0,2480,0,,33,"New Hampshire, US"
-71.5301059999999,42.230171,779,Massachusetts,US,2022/04/30 11:21:00+00,42.230171,-71.530106,1757103,0,20263,0,,25,"Massachusetts, US"
-80.945007,33.8568920000001,780,South Carolina,US,2022/04/30 11:21:00+00,33.856892,-80.945007,1474274,0,17767,0,,45,"South Carolina, US"
-72.710686,44.0458760000001,781,Vermont,US,2022/04/30 11:21:00+00,44.045876,-72.710686,123842,0,637,0,,50,"Vermont, US"
-81.6867829999999,27.7662790000001,782,Florida,US,2022/04/30 11:21:00+00,27.766279,-81.686783,5942723,0,73948,0,,12,"Florida, US"
-157.498337,21.094318,783,Hawaii,US,2022/04/30 11:21:00+00,21.094318,-157.498337,248405,0,1418,0,,15,"Hawaii, US"
-84.670067,37.6681400000001,784,Kentucky,US,2022/04/30 11:21:00+00,37.66814,-84.670067,1327173,0,15475,0,,21,"Kentucky, US"
-71.51178,41.680893,785,Rhode Island,US,2022/04/30 11:21:00+00,41.680893,-71.51178,371629,0,3540,0,,44,"Rhode Island, US"
-98.2680819999999,41.12537,786,Nebraska,US,2022/04/30 11:21:00+00,41.12537,-98.268082,479989,0,4197,0,,31,"Nebraska, US"
-82.764915,40.388783,787,Ohio,US,2022/04/30 11:21:00+00,40.388783,-82.764915,2697058,0,38428,0,,39,"Ohio, US"
-86.9023,32.3182,788,Alabama,US,2022/04/30 11:21:00+00,32.3182,-86.9023,1300733,0,19567,0,,01,"Alabama, US"
-79.8064189999999,35.6300660000001,789,North Carolina,US,2022/04/30 11:21:00+00,35.630066,-79.806419,2659255,0,23405,0,,37,"North Carolina, US"
-77.0268169999999,38.8974380000001,790,District of Columbia,US,2022/04/30 11:21:00+00,38.897438,-77.026817,141943,0,1340,0,,11,"District of Columbia, US"
-69.381927,44.693947,791,Maine,US,2022/04/30 11:21:00+00,44.693947,-69.381927,244062,0,2283,0,,23,"Maine, US"
